{
    "dataset": "Bank_Customer_Churn_Dataset",
    "model_type": "mlp", 
    "max_epoch": 100,
    "batch_size": 1024,
    "normalization": "standard",
    "num_nan_policy": "mean",
    "cat_nan_policy": "new",
    "cat_policy": "ordinal",
    "num_policy": "none",
    "n_bins": 2,
    "cat_min_frequency": 0.0,
    "n_trials": 100,
    "seed_num": 5,
    "workers": 0,
    "gpu": "0",
    "tune": false,
    "retune": false,
    "evaluate_option": "best-val",
    "dataset_path": "data",
    "model_path": "results_model" 
}
