{
    "ConfBagDT": {
        "model": {
            "n_base": [
                "int",
                5, 
		10, 
		20, 
		50
            ],
            "sampling_ratio": [
                "float",
                0.1, 
		0.3,
                0.5, 
		0.7
            ],
	    "max_features": [
                "float", 
		0.3,
                0.5, 
		0.7
            ],
	    "perc_decisors": [
                "float",
                0.3,
		0.5, 
		0.7,
                0.8, 
		0.9
	    ]
        },
        "fit": {}
    }
}