dataset,clf,iter,duration,roc,mcc,pr@n
arrhythmia.mat,ConfBag10(COPOD),0,0.5928,0.4709,0.8598,0.5
arrhythmia.mat,ConfBag20(COPOD),0,0.8666,0.4296,0.8593,0.5385
arrhythmia.mat,COPOD,0,0.0468,0.4594,0.8571,0.5385
arrhythmia.mat,ConfBoost10(COPOD),0,0.8814,0.4437,0.8558,0.5385
arrhythmia.mat,ConfBoost10W(COPOD),0,0.8517,0.4653,0.8608,0.5385
arrhythmia.mat,ConfBoost5(COPOD),0,0.4228,0.4475,0.8563,0.5385
arrhythmia.mat,ConfBoost5W(COPOD),0,0.4228,0.4529,0.8586,0.5385
arrhythmia.mat,ConfBag10(Angle-based Outlier Detector (ABOD)),0,2.2888,0.4181,0.8263,0.4615
arrhythmia.mat,ConfBag20(Angle-based Outlier Detector (ABOD)),0,2.9734,0.369,0.8233,0.4231
arrhythmia.mat,Angle-based Outlier Detector (ABOD),0,0.3069,0.2815,0.8035,0.3462
arrhythmia.mat,ConfBoost10(Angle-based Outlier Detector (ABOD)),0,2.0554,0.3978,0.8127,0.4615
arrhythmia.mat,ConfBoost10W(Angle-based Outlier Detector (ABOD)),0,2.0289,0.318,0.8122,0.4615
arrhythmia.mat,ConfBoost5(Angle-based Outlier Detector (ABOD)),0,1.0185,0.3778,0.8129,0.4615
arrhythmia.mat,ConfBoost5W(Angle-based Outlier Detector (ABOD)),0,1.0309,0.4376,0.8186,0.4231
arrhythmia.mat,ConfBag10(Cluster-based Local Outlier Factor),0,8.3086,0.4752,0.8156,0.5385
arrhythmia.mat,ConfBag20(Cluster-based Local Outlier Factor),0,15.2512,0.4437,0.8206,0.5769
arrhythmia.mat,Cluster-based Local Outlier Factor,0,0.7934,0.441,0.7995,0.4615
arrhythmia.mat,ConfBoost10(Cluster-based Local Outlier Factor),0,7.392,0.4033,0.8102,0.5
arrhythmia.mat,ConfBoost10W(Cluster-based Local Outlier Factor),0,7.2791,0.4347,0.8102,0.4615
arrhythmia.mat,ConfBoost5(Cluster-based Local Outlier Factor),0,3.888,0.4223,0.8127,0.4615
arrhythmia.mat,ConfBoost5W(Cluster-based Local Outlier Factor),0,3.5685,0.4347,0.8122,0.5
arrhythmia.mat,ConfBag10(Feature Bagging),0,1.0445,0.4113,0.8136,0.5385
arrhythmia.mat,ConfBag20(Feature Bagging),0,2.259,0.4296,0.8149,0.5385
arrhythmia.mat,Feature Bagging,0,0.0776,0.4347,0.8094,0.5385
arrhythmia.mat,ConfBoost10(Feature Bagging),0,1.6923,0.3779,0.8109,0.5
arrhythmia.mat,ConfBoost10W(Feature Bagging),0,1.8692,0.3435,0.8069,0.4615
arrhythmia.mat,ConfBoost5(Feature Bagging),0,0.8838,0.364,0.8089,0.4615
arrhythmia.mat,ConfBoost5W(Feature Bagging),0,0.929,0.364,0.8094,0.4615
arrhythmia.mat,ConfBag10(Histogram-base Outlier Detection (HBOS)),0,1.2158,0.4296,0.8543,0.5769
arrhythmia.mat,ConfBag20(Histogram-base Outlier Detection (HBOS)),0,0.6312,0.5002,0.8665,0.5769
arrhythmia.mat,Histogram-base Outlier Detection (HBOS),0,0.8223,0.4594,0.8608,0.5385
arrhythmia.mat,ConfBoost10(Histogram-base Outlier Detection (HBOS)),0,0.4497,0.4709,0.863,0.5769
arrhythmia.mat,ConfBoost10W(Histogram-base Outlier Detection (HBOS)),0,0.4509,0.4529,0.8618,0.5385
arrhythmia.mat,ConfBoost5(Histogram-base Outlier Detection (HBOS)),0,0.227,0.4709,0.862,0.5769
arrhythmia.mat,ConfBoost5W(Histogram-base Outlier Detection (HBOS)),0,0.2306,0.4709,0.8643,0.5769
arrhythmia.mat,ConfBag10(Isolation Forest),0,3.5098,0.536,0.8581,0.6154
arrhythmia.mat,ConfBag20(Isolation Forest),0,6.9378,0.4744,0.8705,0.5385
arrhythmia.mat,Isolation Forest,0,0.2978,0.3978,0.8476,0.5385
arrhythmia.mat,ConfBoost10(Isolation Forest),0,4.4126,0.5532,0.8727,0.6154
arrhythmia.mat,ConfBoost10W(Isolation Forest),0,4.5645,0.5226,0.871,0.5769
arrhythmia.mat,ConfBoost5(Isolation Forest),0,2.2128,0.5366,0.8737,0.5769
arrhythmia.mat,ConfBoost5W(Isolation Forest),0,2.139,0.5366,0.8653,0.5769
arrhythmia.mat,ConfBag10(K Nearest Neighbors (KNN)),0,0.7577,0.4752,0.8273,0.5769
arrhythmia.mat,ConfBag20(K Nearest Neighbors (KNN)),0,1.5389,0.4437,0.8208,0.5385
arrhythmia.mat,K Nearest Neighbors (KNN),0,0.0504,0.441,0.8176,0.5
arrhythmia.mat,ConfBoost10(K Nearest Neighbors (KNN)),0,1.1984,0.3972,0.8166,0.4615
arrhythmia.mat,ConfBoost10W(K Nearest Neighbors (KNN)),0,1.1831,0.3972,0.8151,0.5
arrhythmia.mat,ConfBoost5(K Nearest Neighbors (KNN)),0,0.5918,0.3712,0.8223,0.4615
arrhythmia.mat,ConfBoost5W(K Nearest Neighbors (KNN)),0,0.5961,0.3972,0.8146,0.4615
arrhythmia.mat,ConfBag10(Local Outlier Factor (LOF)),0,0.1199,0.3927,0.8141,0.5
arrhythmia.mat,ConfBag20(Local Outlier Factor (LOF)),0,0.2544,0.461,0.8132,0.5385
arrhythmia.mat,Local Outlier Factor (LOF),0,0.0069,0.4347,0.8082,0.5
arrhythmia.mat,ConfBoost10(Local Outlier Factor (LOF)),0,0.1588,0.3297,0.8092,0.5
arrhythmia.mat,ConfBoost10W(Local Outlier Factor (LOF)),0,0.169,0.364,0.8102,0.5
arrhythmia.mat,ConfBoost5(Local Outlier Factor (LOF)),0,0.0764,0.3297,0.8109,0.4615
arrhythmia.mat,ConfBoost5W(Local Outlier Factor (LOF)),0,0.0953,0.3839,0.8134,0.4615
arrhythmia.mat,ConfBag10(One-class SVM (OCSVM)),0,0.2418,0.441,0.8169,0.4615
arrhythmia.mat,ConfBag20(One-class SVM (OCSVM)),0,0.4436,0.441,0.8196,0.5
arrhythmia.mat,One-class SVM (OCSVM),0,0.0198,0.441,0.8102,0.5
arrhythmia.mat,ConfBoost10(One-class SVM (OCSVM)),0,0.2755,0.441,0.8079,0.5
arrhythmia.mat,ConfBoost10W(One-class SVM (OCSVM)),0,0.2791,0.441,0.8099,0.5
arrhythmia.mat,ConfBoost5(One-class SVM (OCSVM)),0,0.1402,0.441,0.8087,0.5
arrhythmia.mat,ConfBoost5W(One-class SVM (OCSVM)),0,0.1373,0.441,0.8074,0.5
arrhythmia.mat,ConfBag10(Principal Component Analysis (PCA)),0,0.4657,0.4752,0.8201,0.5385
arrhythmia.mat,ConfBag20(Principal Component Analysis (PCA)),0,0.9879,0.461,0.8179,0.5385
arrhythmia.mat,Principal Component Analysis (PCA),0,0.0753,0.441,0.8164,0.5
arrhythmia.mat,ConfBoost10(Principal Component Analysis (PCA)),0,0.9212,0.4296,0.8149,0.5385
arrhythmia.mat,ConfBoost10W(Principal Component Analysis (PCA)),0,0.6431,0.4296,0.8156,0.5385
arrhythmia.mat,ConfBoost5(Principal Component Analysis (PCA)),0,0.3594,0.461,0.8156,0.5385
arrhythmia.mat,ConfBoost5W(Principal Component Analysis (PCA)),0,0.4081,0.4782,0.8218,0.5769
arrhythmia.mat,ConfBag10(AutoEncoder),0,4.7683,0.3712,0.8078,0.4615
arrhythmia.mat,ConfBag20(AutoEncoder),0,7.3389,0.3972,0.8067,0.5385
arrhythmia.mat,AutoEncoder,0,0.6251,0.3978,0.8005,0.4231
arrhythmia.mat,ConfBoost10(AutoEncoder),0,3.4242,0.1381,0.7954,0.2941
arrhythmia.mat,ConfBoost10W(AutoEncoder),0,4.1229,0.0691,0.7934,0.2308
arrhythmia.mat,ConfBoost5(AutoEncoder),0,1.6898,0.0841,0.786,0.2353
arrhythmia.mat,ConfBoost5W(AutoEncoder),0,2.315,0.2324,0.8046,0.3889
arrhythmia.mat,ConfBag10(ECOD),0,0.4528,0.4782,0.862,0.5
arrhythmia.mat,ConfBag20(ECOD),0,0.8957,0.4782,0.865,0.5385
arrhythmia.mat,ECOD,0,0.0474,0.4782,0.8663,0.5385
arrhythmia.mat,ConfBoost10(ECOD),0,0.8677,0.4911,0.868,0.5385
arrhythmia.mat,ConfBoost10W(ECOD),0,0.8865,0.4744,0.8672,0.5385
arrhythmia.mat,ConfBoost5(ECOD),0,0.4378,0.4744,0.8675,0.5385
arrhythmia.mat,ConfBoost5W(ECOD),0,0.4298,0.4586,0.8692,0.5385
arrhythmia.mat,ConfBag10(GMM),0,0.9986,0.0821,0.7759,0.3846
arrhythmia.mat,ConfBag20(GMM),0,2.5709,0.0758,0.7819,0.3846
arrhythmia.mat,GMM,0,0.1574,0.0,0.8045,0.3462
arrhythmia.mat,ConfBoost10(GMM),0,1.5383,0.0,0.7806,0.3462
arrhythmia.mat,ConfBoost10W(GMM),0,1.4902,0.0,0.7854,0.4231
arrhythmia.mat,ConfBoost5(GMM),0,0.747,0.0,0.7933,0.3846
arrhythmia.mat,ConfBoost5W(GMM),0,0.8874,0.0,0.7965,0.4231
arrhythmia.mat,ConfBag10(KDE),0,0.6733,0.0,0.8154,0.4615
arrhythmia.mat,ConfBag20(KDE),0,1.361,0.0,0.8149,0.4615
arrhythmia.mat,KDE,0,0.083,0.0,0.7752,0.5
arrhythmia.mat,ConfBoost10(KDE),0,1.0933,0.0,0.8074,0.5
arrhythmia.mat,ConfBoost10W(KDE),0,1.0917,0.0,0.8112,0.4615
arrhythmia.mat,ConfBoost5(KDE),0,0.5447,0.0,0.7968,0.4615
arrhythmia.mat,ConfBoost5W(KDE),0,0.5464,0.0,0.7816,0.4615
arrhythmia.mat,ConfBag10(LODA),0,0.388,0.3927,0.8382,0.5
arrhythmia.mat,ConfBag20(LODA),0,0.8826,0.4586,0.8213,0.5385
arrhythmia.mat,LODA,0,0.0669,0.285,0.7809,0.3846
arrhythmia.mat,ConfBoost10(LODA),0,0.4419,0.4081,0.8134,0.5769
arrhythmia.mat,ConfBoost10W(LODA),0,0.7477,0.3903,0.8285,0.5385
arrhythmia.mat,ConfBoost5(LODA),0,0.2456,0.4911,0.7963,0.5385
arrhythmia.mat,ConfBoost5W(LODA),0,0.2912,0.4083,0.8268,0.5385
arrhythmia.mat,ConfBag10(QMCD),0,1.5356,0.2197,0.7434,0.4231
arrhythmia.mat,ConfBag20(QMCD),0,0.8419,-0.1936,0.6677,0.3462
arrhythmia.mat,QMCD,0,0.6125,0.1527,0.195,0.0769
arrhythmia.mat,ConfBoost10(QMCD),0,0.499,0.1527,0.3935,0.2692
arrhythmia.mat,ConfBoost10W(QMCD),0,0.492,0.1527,0.3747,0.1923
arrhythmia.mat,ConfBoost5(QMCD),0,0.2644,0.1527,0.4228,0.2308
arrhythmia.mat,ConfBoost5W(QMCD),0,0.2772,0.1232,0.3787,0.2308
arrhythmia.mat,ConfBag10(Sampling),0,0.0621,0.4653,0.8355,0.4615
arrhythmia.mat,ConfBag20(Sampling),0,0.1271,0.4296,0.8285,0.5385
arrhythmia.mat,Sampling,0,0.0039,0.441,0.8055,0.5
arrhythmia.mat,ConfBoost10(Sampling),0,0.0943,0.4475,0.8161,0.5385
arrhythmia.mat,ConfBoost10W(Sampling),0,0.0985,0.4033,0.8196,0.5
arrhythmia.mat,ConfBoost5(Sampling),0,0.0476,0.3911,0.8166,0.5
arrhythmia.mat,ConfBoost5W(Sampling),0,0.0512,0.4223,0.8253,0.5385
arrhythmia.mat,ConfBag10(INNE),0,2.7408,0.4006,0.8132,0.4231
arrhythmia.mat,ConfBag20(INNE),0,5.3121,0.4092,0.8143,0.4231
arrhythmia.mat,INNE,0,0.2773,0.3883,0.8024,0.3846
arrhythmia.mat,ConfBoost10(INNE),0,6.7294,0.3984,0.805,0.4231
arrhythmia.mat,ConfBoost10W(INNE),0,7.2788,0.3984,0.8035,0.3846
arrhythmia.mat,ConfBoost5(INNE),0,3.8782,0.3392,0.8053,0.4231
arrhythmia.mat,ConfBoost5W(INNE),0,3.782,0.3783,0.8011,0.3846
arrhythmia.mat,ConfBag10(KPCA),0,1.7058,0.0,0.8228,0.5385
arrhythmia.mat,ConfBag20(KPCA),0,3.8106,0.0,0.8201,0.5
arrhythmia.mat,KPCA,0,0.1554,0.0,0.8169,0.4615
arrhythmia.mat,ConfBoost10(KPCA),0,2.3246,0.0,0.8179,0.5
arrhythmia.mat,ConfBoost10W(KPCA),0,2.5198,0.0,0.8154,0.5
arrhythmia.mat,ConfBoost5(KPCA),0,1.25,0.0,0.8189,0.4615
arrhythmia.mat,ConfBoost5W(KPCA),0,1.0211,0.0,0.8179,0.5
arrhythmia.mat,ConfBag10(LMDD),0,66.6568,0.4586,0.8288,0.5769
arrhythmia.mat,ConfBag20(LMDD),0,133.0473,0.4621,0.7787,0.5385
arrhythmia.mat,LMDD,0,5.1663,0.1959,0.6186,0.3462
arrhythmia.mat,ConfBoost10(LMDD),0,117.8587,0.2609,0.6186,0.3462
arrhythmia.mat,ConfBoost10W(LMDD),0,118.514,0.4083,0.7558,0.5769
arrhythmia.mat,ConfBoost5(LMDD),0,58.5199,0.3927,0.7603,0.4615
arrhythmia.mat,ConfBoost5W(LMDD),0,58.5719,0.364,0.7179,0.5
arrhythmia.mat,ConfBag10(LUNAR),0,15.7882,0.2815,0.8146,0.3846
arrhythmia.mat,ConfBag20(LUNAR),0,29.878,0.4475,0.8278,0.5
arrhythmia.mat,LUNAR,0,1.4706,0.4223,0.8228,0.5385
arrhythmia.mat,ConfBoost10(LUNAR),0,15.1296,0.3223,0.8166,0.5385
arrhythmia.mat,ConfBoost10W(LUNAR),0,14.7842,0.3737,0.8216,0.5385
arrhythmia.mat,ConfBoost5(LUNAR),0,7.5138,0.3581,0.8221,0.5385
arrhythmia.mat,ConfBoost5W(LUNAR),0,7.7081,0.3581,0.8283,0.5385
arrhythmia.mat,ConfBag10(MO_GAAL),0,16.6925,0.1653,0.6151,0.3077
arrhythmia.mat,ConfBag20(MO_GAAL),0,35.1851,0.2299,0.7176,0.4231
arrhythmia.mat,MO_GAAL,0,1.0244,0.0922,0.4,0.2692
arrhythmia.mat,ConfBoost10(MO_GAAL),0,16.897,0.1745,0.6457,0.2692
arrhythmia.mat,ConfBoost10W(MO_GAAL),0,17.1067,0.2092,0.699,0.3462
arrhythmia.mat,ConfBoost5(MO_GAAL),0,8.3079,0.231,0.6578,0.3462
arrhythmia.mat,ConfBoost5W(MO_GAAL),0,9.2649,0.247,0.6516,0.3462
cardio.mat,ConfBag10(COPOD),0,0.1869,0.4529,0.9071,0.5522
cardio.mat,ConfBag20(COPOD),0,0.3962,0.4721,0.9102,0.5075
cardio.mat,COPOD,0,0.0139,0.4563,0.9143,0.5224
cardio.mat,ConfBoost10(COPOD),0,0.3251,0.4969,0.9159,0.5224
cardio.mat,ConfBoost10W(COPOD),0,0.3347,0.4969,0.9161,0.5224
cardio.mat,ConfBoost5(COPOD),0,0.1617,0.4978,0.9156,0.5224
cardio.mat,ConfBoost5W(COPOD),0,0.1688,0.4978,0.9161,0.5224
cardio.mat,ConfBag10(Angle-based Outlier Detector (ABOD)),0,4.1267,0.1944,0.6132,0.2687
cardio.mat,ConfBag20(Angle-based Outlier Detector (ABOD)),0,8.3752,0.1778,0.6559,0.2687
cardio.mat,Angle-based Outlier Detector (ABOD),0,0.2933,0.1702,0.5783,0.2388
cardio.mat,ConfBoost10(Angle-based Outlier Detector (ABOD)),0,5.492,0.119,0.6046,0.2388
cardio.mat,ConfBoost10W(Angle-based Outlier Detector (ABOD)),0,5.5324,0.1439,0.5827,0.2687
cardio.mat,ConfBoost5(Angle-based Outlier Detector (ABOD)),0,2.7558,0.1203,0.5974,0.2388
cardio.mat,ConfBoost5W(Angle-based Outlier Detector (ABOD)),0,2.7585,0.1119,0.5972,0.2537
cardio.mat,ConfBag10(Cluster-based Local Outlier Factor),0,8.8969,0.2402,0.8111,0.2836
cardio.mat,ConfBag20(Cluster-based Local Outlier Factor),0,17.0907,0.2648,0.8233,0.2836
cardio.mat,Cluster-based Local Outlier Factor,0,0.9081,0.2104,0.7487,0.2836
cardio.mat,ConfBoost10(Cluster-based Local Outlier Factor),0,8.8492,0.2541,0.7866,0.2836
cardio.mat,ConfBoost10W(Cluster-based Local Outlier Factor),0,8.7835,0.2262,0.7829,0.2836
cardio.mat,ConfBoost5(Cluster-based Local Outlier Factor),0,4.531,0.2031,0.7995,0.2836
cardio.mat,ConfBoost5W(Cluster-based Local Outlier Factor),0,4.5049,0.1876,0.7635,0.2537
cardio.mat,ConfBag10(Feature Bagging),0,5.0735,0.1056,0.6733,0.1791
cardio.mat,ConfBag20(Feature Bagging),0,10.1864,0.1366,0.67,0.194
cardio.mat,Feature Bagging,0,0.597,0.1294,0.6346,0.209
cardio.mat,ConfBoost10(Feature Bagging),0,9.7158,0.1489,0.6982,0.194
cardio.mat,ConfBoost10W(Feature Bagging),0,9.6021,0.1358,0.7246,0.194
cardio.mat,ConfBoost5(Feature Bagging),0,4.7404,0.1426,0.7125,0.194
cardio.mat,ConfBoost5W(Feature Bagging),0,4.7727,0.1424,0.696,0.194
cardio.mat,ConfBag10(Histogram-base Outlier Detection (HBOS)),0,0.0785,0.3547,0.8502,0.403
cardio.mat,ConfBag20(Histogram-base Outlier Detection (HBOS)),0,0.1397,0.3629,0.7863,0.4179
cardio.mat,Histogram-base Outlier Detection (HBOS),0,0.0048,0.4086,0.8435,0.4627
cardio.mat,ConfBoost10(Histogram-base Outlier Detection (HBOS)),0,0.0932,0.3817,0.8499,0.4328
cardio.mat,ConfBoost10W(Histogram-base Outlier Detection (HBOS)),0,0.1003,0.39,0.8509,0.4328
cardio.mat,ConfBoost5(Histogram-base Outlier Detection (HBOS)),0,0.0466,0.39,0.8443,0.4179
cardio.mat,ConfBoost5W(Histogram-base Outlier Detection (HBOS)),0,0.0533,0.3925,0.8526,0.4478
cardio.mat,ConfBag10(Isolation Forest),0,3.6594,0.4156,0.9352,0.5075
cardio.mat,ConfBag20(Isolation Forest),0,7.3924,0.4432,0.9319,0.4776
cardio.mat,Isolation Forest,0,0.2985,0.3758,0.9047,0.4328
cardio.mat,ConfBoost10(Isolation Forest),0,4.3099,0.3675,0.9207,0.4478
cardio.mat,ConfBoost10W(Isolation Forest),0,4.3891,0.3918,0.9254,0.4328
cardio.mat,ConfBoost5(Isolation Forest),0,2.2057,0.3817,0.9162,0.4179
cardio.mat,ConfBoost5W(Isolation Forest),0,2.2009,0.4024,0.9177,0.4478
cardio.mat,ConfBag10(K Nearest Neighbors (KNN)),0,1.9437,0.2574,0.7304,0.3284
cardio.mat,ConfBag20(K Nearest Neighbors (KNN)),0,3.8045,0.2261,0.7511,0.2985
cardio.mat,K Nearest Neighbors (KNN),0,0.1496,0.1949,0.7309,0.2836
cardio.mat,ConfBoost10(K Nearest Neighbors (KNN)),0,2.6774,0.2936,0.7449,0.2836
cardio.mat,ConfBoost10W(K Nearest Neighbors (KNN)),0,2.6877,0.2786,0.7482,0.2836
cardio.mat,ConfBoost5(K Nearest Neighbors (KNN)),0,1.3357,0.2693,0.7463,0.2836
cardio.mat,ConfBoost5W(K Nearest Neighbors (KNN)),0,1.3349,0.2648,0.7358,0.2836
cardio.mat,ConfBag10(Local Outlier Factor (LOF)),0,0.6424,0.1548,0.6187,0.1791
cardio.mat,ConfBag20(Local Outlier Factor (LOF)),0,1.2674,0.1607,0.676,0.194
cardio.mat,Local Outlier Factor (LOF),0,0.0816,0.1522,0.6078,0.194
cardio.mat,ConfBoost10(Local Outlier Factor (LOF)),0,0.8602,0.1717,0.6876,0.194
cardio.mat,ConfBoost10W(Local Outlier Factor (LOF)),0,0.7537,0.1827,0.6958,0.194
cardio.mat,ConfBoost5(Local Outlier Factor (LOF)),0,0.4594,0.1789,0.6694,0.194
cardio.mat,ConfBoost5W(Local Outlier Factor (LOF)),0,0.378,0.1753,0.6834,0.194
cardio.mat,ConfBag10(One-class SVM (OCSVM)),0,0.8914,0.3443,0.917,0.403
cardio.mat,ConfBag20(One-class SVM (OCSVM)),0,1.7095,0.3965,0.9287,0.4328
cardio.mat,One-class SVM (OCSVM),0,0.0939,0.3965,0.928,0.4179
cardio.mat,ConfBoost10(One-class SVM (OCSVM)),0,1.1265,0.3101,0.9192,0.3731
cardio.mat,ConfBoost10W(One-class SVM (OCSVM)),0,1.1812,0.3101,0.9187,0.3731
cardio.mat,ConfBoost5(One-class SVM (OCSVM)),0,0.5759,0.3479,0.9199,0.3731
cardio.mat,ConfBoost5W(One-class SVM (OCSVM)),0,0.5719,0.3355,0.9198,0.3731
cardio.mat,ConfBag10(Principal Component Analysis (PCA)),0,0.0495,0.4682,0.9522,0.5821
cardio.mat,ConfBag20(Principal Component Analysis (PCA)),0,0.0958,0.3421,0.937,0.4925
cardio.mat,Principal Component Analysis (PCA),0,0.0196,0.5157,0.9454,0.5522
cardio.mat,ConfBoost10(Principal Component Analysis (PCA)),0,0.116,0.4529,0.9429,0.5224
cardio.mat,ConfBoost10W(Principal Component Analysis (PCA)),0,0.1455,0.4456,0.9433,0.5075
cardio.mat,ConfBoost5(Principal Component Analysis (PCA)),0,0.0606,0.4529,0.9438,0.5224
cardio.mat,ConfBoost5W(Principal Component Analysis (PCA)),0,0.0714,0.47,0.9443,0.5373
cardio.mat,ConfBag10(AutoEncoder),0,16.4747,0.283,0.838,0.3582
cardio.mat,ConfBag20(AutoEncoder),0,32.4261,0.2884,0.8117,0.3134
cardio.mat,AutoEncoder,0,2.0724,0.308,0.8331,0.3582
cardio.mat,ConfBoost10(AutoEncoder),0,17.0021,0.2573,0.7967,0.2985
cardio.mat,ConfBoost10W(AutoEncoder),0,17.2855,0.2633,0.8055,0.2985
cardio.mat,ConfBoost5(AutoEncoder),0,8.8148,0.273,0.8171,0.3284
cardio.mat,ConfBoost5W(AutoEncoder),0,8.5176,0.2796,0.8013,0.2985
cardio.mat,ConfBag10(ECOD),0,0.1756,0.5157,0.9256,0.5522
cardio.mat,ConfBag20(ECOD),0,0.3491,0.5203,0.9281,0.5522
cardio.mat,ECOD,0,0.0141,0.5177,0.9336,0.5672
cardio.mat,ConfBoost10(ECOD),0,0.3236,0.5097,0.9333,0.5672
cardio.mat,ConfBoost10W(ECOD),0,0.3312,0.5108,0.9333,0.5672
cardio.mat,ConfBoost5(ECOD),0,0.16,0.516,0.9336,0.5672
cardio.mat,ConfBoost5W(ECOD),0,0.1678,0.516,0.9331,0.5672
cardio.mat,ConfBag10(GMM),0,0.8062,0.3567,0.8967,0.4328
cardio.mat,ConfBag20(GMM),0,1.6851,0.4169,0.899,0.4328
cardio.mat,GMM,0,0.1181,0.3651,0.8904,0.3881
cardio.mat,ConfBoost10(GMM),0,1.1408,0.2811,0.8856,0.3731
cardio.mat,ConfBoost10W(GMM),0,1.1382,0.2627,0.886,0.3881
cardio.mat,ConfBoost5(GMM),0,0.5448,0.2911,0.8894,0.3881
cardio.mat,ConfBoost5W(GMM),0,0.5004,0.2911,0.8866,0.3731
cardio.mat,ConfBag10(KDE),0,2.5741,0.3015,0.8564,0.2985
cardio.mat,ConfBag20(KDE),0,5.1004,0.299,0.838,0.3433
cardio.mat,KDE,0,0.2648,0.184,0.7399,0.2239
cardio.mat,ConfBoost10(KDE),0,3.6161,0.1539,0.7256,0.2388
cardio.mat,ConfBoost10W(KDE),0,3.5915,0.1324,0.7286,0.2388
cardio.mat,ConfBoost5(KDE),0,1.7945,0.1357,0.7263,0.2388
cardio.mat,ConfBoost5W(KDE),0,1.8163,0.1596,0.735,0.2836
cardio.mat,ConfBag10(LODA),0,0.4643,0.4169,0.9518,0.5672
cardio.mat,ConfBag20(LODA),0,1.0407,0.4032,0.9439,0.5224
cardio.mat,LODA,0,0.0323,0.4233,0.7307,0.4478
cardio.mat,ConfBoost10(LODA),0,0.6228,0.4419,0.9306,0.5373
cardio.mat,ConfBoost10W(LODA),0,0.5568,0.4027,0.9276,0.4328
cardio.mat,ConfBoost5(LODA),0,0.3743,0.4554,0.9544,0.6119
cardio.mat,ConfBoost5W(LODA),0,0.2967,0.2975,0.8864,0.5075
cardio.mat,ConfBag10(QMCD),0,0.4614,0.3964,0.846,0.4478
cardio.mat,ConfBag20(QMCD),0,0.8599,0.4086,0.8621,0.4627
cardio.mat,QMCD,0,0.0333,0.4218,0.8581,0.4627
cardio.mat,ConfBoost10(QMCD),0,0.5373,0.4382,0.865,0.4627
cardio.mat,ConfBoost10W(QMCD),0,0.5376,0.4331,0.8648,0.4627
cardio.mat,ConfBoost5(QMCD),0,0.2665,0.4282,0.8614,0.4627
cardio.mat,ConfBoost5W(QMCD),0,0.2545,0.4331,0.863,0.4627
cardio.mat,ConfBag10(Sampling),0,0.0441,0.3278,0.7869,0.3731
cardio.mat,ConfBag20(Sampling),0,0.0859,0.3406,0.8969,0.4179
cardio.mat,Sampling,0,0.0015,0.3566,0.7886,0.4328
cardio.mat,ConfBoost10(Sampling),0,0.0618,0.2728,0.865,0.3134
cardio.mat,ConfBoost10W(Sampling),0,0.0689,0.2513,0.7861,0.3134
cardio.mat,ConfBoost5(Sampling),0,0.031,0.2842,0.8468,0.4179
cardio.mat,ConfBoost5W(Sampling),0,0.0378,0.3615,0.8093,0.4328
cardio.mat,ConfBag10(INNE),0,3.2437,0.3635,0.9215,0.3582
cardio.mat,ConfBag20(INNE),0,6.5706,0.2409,0.8927,0.2836
cardio.mat,INNE,0,0.2264,0.2256,0.8872,0.2687
cardio.mat,ConfBoost10(INNE),0,4.242,0.3139,0.9042,0.2985
cardio.mat,ConfBoost10W(INNE),0,4.1777,0.3429,0.9061,0.3134
cardio.mat,ConfBoost5(INNE),0,2.1004,0.311,0.9015,0.2879
cardio.mat,ConfBoost5W(INNE),0,2.1268,0.3429,0.907,0.2985
cardio.mat,ConfBag10(KPCA),0,6.8603,0.0263,0.7248,0.2836
cardio.mat,ConfBag20(KPCA),0,14.1888,0.0068,0.7753,0.3134
cardio.mat,KPCA,0,0.6559,0.0263,0.6979,0.2687
cardio.mat,ConfBoost10(KPCA),0,8.7736,0.0263,0.7287,0.2537
cardio.mat,ConfBoost10W(KPCA),0,8.3446,0.0263,0.7441,0.3134
cardio.mat,ConfBoost5(KPCA),0,4.2338,0.0263,0.7328,0.2836
cardio.mat,ConfBoost5W(KPCA),0,4.251,0.0263,0.735,0.3134
cardio.mat,ConfBag10(LMDD),0,86.9752,0.3168,0.9212,0.5224
cardio.mat,ConfBag20(LMDD),0,173.6296,0.3237,0.8977,0.3881
cardio.mat,LMDD,0,7.1304,0.3589,0.8915,0.3731
cardio.mat,ConfBoost10(LMDD),0,162.2319,0.3317,0.8915,0.3731
cardio.mat,ConfBoost10W(LMDD),0,161.8041,0.3725,0.9106,0.5522
cardio.mat,ConfBoost5(LMDD),0,80.826,0.2815,0.8628,0.3284
cardio.mat,ConfBoost5W(LMDD),0,80.9016,0.2911,0.8556,0.403
cardio.mat,ConfBag10(LUNAR),0,14.8623,0.2012,0.629,0.2239
cardio.mat,ConfBag20(LUNAR),0,26.7164,0.1793,0.652,0.2388
cardio.mat,LUNAR,0,1.6502,0.2207,0.5697,0.2537
cardio.mat,ConfBoost10(LUNAR),0,15.5698,0.2334,0.5452,0.2388
cardio.mat,ConfBoost10W(LUNAR),0,16.3505,0.1978,0.54,0.209
cardio.mat,ConfBoost5(LUNAR),0,7.7843,0.2084,0.5392,0.2239
cardio.mat,ConfBoost5W(LUNAR),0,8.3011,0.1794,0.5366,0.2537
cardio.mat,ConfBag10(MO_GAAL),0,38.4305,0.3114,0.7813,0.403
cardio.mat,ConfBag20(MO_GAAL),0,78.0138,0.2576,0.7888,0.4776
cardio.mat,MO_GAAL,0,6.1629,0.094,0.6702,0.209
cardio.mat,ConfBoost10(MO_GAAL),0,38.4318,0.4533,0.8535,0.5075
cardio.mat,ConfBoost10W(MO_GAAL),0,38.7768,0.3263,0.7941,0.4627
cardio.mat,ConfBoost5(MO_GAAL),0,20.5639,0.2509,0.7659,0.4179
cardio.mat,ConfBoost5W(MO_GAAL),0,19.1859,0.3835,0.8244,0.5075
glass.mat,ConfBag10(COPOD),0,0.0325,-0.042,0.6064,0.0
glass.mat,ConfBag20(COPOD),0,0.0637,-0.042,0.5783,0.0
glass.mat,COPOD,0,0.0022,-0.042,0.6024,0.0
glass.mat,ConfBoost10(COPOD),0,0.0466,-0.042,0.5904,0.0
glass.mat,ConfBoost10W(COPOD),0,0.0469,-0.042,0.5904,0.0
glass.mat,ConfBoost5(COPOD),0,0.023,-0.042,0.6024,0.0
glass.mat,ConfBoost5W(COPOD),0,0.0239,-0.042,0.5984,0.0
glass.mat,ConfBag10(Angle-based Outlier Detector (ABOD)),0,0.4546,0.1169,0.7751,0.0
glass.mat,ConfBag20(Angle-based Outlier Detector (ABOD)),0,0.8833,0.1063,0.7952,0.0
glass.mat,Angle-based Outlier Detector (ABOD),0,0.0267,-0.0361,0.6546,0.0
glass.mat,ConfBoost10(Angle-based Outlier Detector (ABOD)),0,0.552,-0.069,0.6827,0.0
glass.mat,ConfBoost10W(Angle-based Outlier Detector (ABOD)),0,0.5425,-0.0521,0.755,0.0
glass.mat,ConfBoost5(Angle-based Outlier Detector (ABOD)),0,0.2667,-0.0293,0.751,0.0
glass.mat,ConfBoost5W(Angle-based Outlier Detector (ABOD)),0,0.2697,-0.0293,0.7189,0.0
glass.mat,ConfBag10(Cluster-based Local Outlier Factor),0,3.2753,-0.0521,0.7751,0.0
glass.mat,ConfBag20(Cluster-based Local Outlier Factor),0,6.4781,-0.0293,0.7831,0.0
glass.mat,Cluster-based Local Outlier Factor,0,0.3066,-0.0472,0.6104,0.0
glass.mat,ConfBoost10(Cluster-based Local Outlier Factor),0,3.398,-0.042,0.8233,0.0
glass.mat,ConfBoost10W(Cluster-based Local Outlier Factor),0,3.3839,-0.0361,0.8273,0.0
glass.mat,ConfBoost5(Cluster-based Local Outlier Factor),0,1.7451,-0.0472,0.8112,0.0
glass.mat,ConfBoost5W(Cluster-based Local Outlier Factor),0,1.76,-0.0521,0.7711,0.0
glass.mat,ConfBag10(Feature Bagging),0,0.4052,-0.042,0.8675,0.0
glass.mat,ConfBag20(Feature Bagging),0,0.8098,-0.0361,0.8273,0.0
glass.mat,Feature Bagging,0,0.0289,0.0,0.8835,0.0
glass.mat,ConfBoost10(Feature Bagging),0,0.5035,-0.0293,0.8635,0.3333
glass.mat,ConfBoost10W(Feature Bagging),0,0.4965,-0.0293,0.8554,0.3333
glass.mat,ConfBoost5(Feature Bagging),0,0.2469,-0.0293,0.8514,0.3333
glass.mat,ConfBoost5W(Feature Bagging),0,0.2476,-0.0293,0.8434,0.3333
glass.mat,ConfBag10(Histogram-base Outlier Detection (HBOS)),0,0.0189,-0.0472,0.6586,0.0
glass.mat,ConfBag20(Histogram-base Outlier Detection (HBOS)),0,0.0369,-0.0472,0.7108,0.0
glass.mat,Histogram-base Outlier Detection (HBOS),0,0.0018,-0.0293,0.6707,0.0
glass.mat,ConfBoost10(Histogram-base Outlier Detection (HBOS)),0,0.0267,-0.042,0.6466,0.0
glass.mat,ConfBoost10W(Histogram-base Outlier Detection (HBOS)),0,0.0281,-0.0361,0.6707,0.0
glass.mat,ConfBoost5(Histogram-base Outlier Detection (HBOS)),0,0.0136,-0.0472,0.6827,0.0
glass.mat,ConfBoost5W(Histogram-base Outlier Detection (HBOS)),0,0.0142,-0.0361,0.6506,0.0
glass.mat,ConfBag10(Isolation Forest),0,2.422,-0.0361,0.6064,0.0
glass.mat,ConfBag20(Isolation Forest),0,4.9168,-0.0361,0.6145,0.0
glass.mat,Isolation Forest,0,0.2237,-0.042,0.6908,0.0
glass.mat,ConfBoost10(Isolation Forest),0,2.7305,-0.0293,0.6305,0.0
glass.mat,ConfBoost10W(Isolation Forest),0,2.7435,-0.0293,0.6426,0.0
glass.mat,ConfBoost5(Isolation Forest),0,1.371,-0.0293,0.6426,0.0
glass.mat,ConfBoost5W(Isolation Forest),0,1.3807,-0.0293,0.6466,0.0
glass.mat,ConfBag10(K Nearest Neighbors (KNN)),0,0.1759,-0.042,0.7711,0.0
glass.mat,ConfBag20(K Nearest Neighbors (KNN)),0,0.3551,-0.042,0.7751,0.0
glass.mat,K Nearest Neighbors (KNN),0,0.0076,-0.0472,0.8072,0.0
glass.mat,ConfBoost10(K Nearest Neighbors (KNN)),0,0.2298,-0.042,0.7912,0.0
glass.mat,ConfBoost10W(K Nearest Neighbors (KNN)),0,0.2259,-0.042,0.7711,0.0
glass.mat,ConfBoost5(K Nearest Neighbors (KNN)),0,0.1125,-0.042,0.7631,0.0
glass.mat,ConfBoost5W(K Nearest Neighbors (KNN)),0,0.1157,-0.0472,0.7671,0.0
glass.mat,ConfBag10(Local Outlier Factor (LOF)),0,0.0419,-0.0293,0.8594,0.0
glass.mat,ConfBag20(Local Outlier Factor (LOF)),0,0.0824,-0.0361,0.8554,0.0
glass.mat,Local Outlier Factor (LOF),0,0.0027,0.3911,0.9116,0.3333
glass.mat,ConfBoost10(Local Outlier Factor (LOF)),0,0.0543,-0.0206,0.8474,0.0
glass.mat,ConfBoost10W(Local Outlier Factor (LOF)),0,0.0543,-0.0361,0.8394,0.0
glass.mat,ConfBoost5(Local Outlier Factor (LOF)),0,0.0271,0.3092,0.8594,0.3333
glass.mat,ConfBoost5W(Local Outlier Factor (LOF)),0,0.0278,0.3092,0.8594,0.3333
glass.mat,ConfBag10(One-class SVM (OCSVM)),0,0.0257,-0.0566,0.4578,0.0
glass.mat,ConfBag20(One-class SVM (OCSVM)),0,0.0503,-0.0566,0.3655,0.0
glass.mat,One-class SVM (OCSVM),0,0.002,-0.0521,0.3534,0.0
glass.mat,ConfBoost10(One-class SVM (OCSVM)),0,0.0332,-0.0521,0.3454,0.0
glass.mat,ConfBoost10W(One-class SVM (OCSVM)),0,0.0338,-0.0566,0.3213,0.0
glass.mat,ConfBoost5(One-class SVM (OCSVM)),0,0.0174,-0.0566,0.3414,0.0
glass.mat,ConfBoost5W(One-class SVM (OCSVM)),0,0.0173,-0.0566,0.3454,0.0
glass.mat,ConfBag10(Principal Component Analysis (PCA)),0,0.0191,-0.0472,0.4217,0.0
glass.mat,ConfBag20(Principal Component Analysis (PCA)),0,0.037,-0.0472,0.4378,0.0
glass.mat,Principal Component Analysis (PCA),0,0.001,-0.0472,0.4578,0.0
glass.mat,ConfBoost10(Principal Component Analysis (PCA)),0,0.0245,-0.0472,0.4056,0.0
glass.mat,ConfBoost10W(Principal Component Analysis (PCA)),0,0.0249,-0.0472,0.4177,0.0
glass.mat,ConfBoost5(Principal Component Analysis (PCA)),0,0.0122,-0.042,0.3775,0.0
glass.mat,ConfBoost5W(Principal Component Analysis (PCA)),0,0.0131,-0.0472,0.4217,0.0
glass.mat,ConfBag10(AutoEncoder),0,1.9924,-0.0521,0.5382,0.0
glass.mat,ConfBag20(AutoEncoder),0,3.0491,-0.0472,0.506,0.0
glass.mat,AutoEncoder,0,0.175,-0.0472,0.5863,0.0
glass.mat,ConfBoost10(AutoEncoder),0,1.8726,-0.042,0.4137,0.0
glass.mat,ConfBoost10W(AutoEncoder),0,1.3784,-0.0361,0.4378,0.0
glass.mat,ConfBoost5(AutoEncoder),0,1.0223,-0.042,0.4859,0.0
glass.mat,ConfBoost5W(AutoEncoder),0,0.9267,-0.0472,0.506,0.0
glass.mat,ConfBag10(ECOD),0,0.0316,-0.0361,0.5422,0.0
glass.mat,ConfBag20(ECOD),0,0.0622,-0.0361,0.5663,0.0
glass.mat,ECOD,0,0.0021,-0.0472,0.5703,0.0
glass.mat,ConfBoost10(ECOD),0,0.045,-0.042,0.5703,0.0
glass.mat,ConfBoost10W(ECOD),0,0.0459,-0.042,0.5663,0.0
glass.mat,ConfBoost5(ECOD),0,0.0251,-0.042,0.5622,0.0
glass.mat,ConfBoost5W(ECOD),0,0.0244,-0.042,0.5622,0.0
glass.mat,ConfBag10(GMM),0,0.1593,-0.042,0.6104,0.0
glass.mat,ConfBag20(GMM),0,0.315,-0.042,0.5261,0.0
glass.mat,GMM,0,0.0225,-0.0472,0.4739,0.0
glass.mat,ConfBoost10(GMM),0,0.1822,-0.0472,0.4418,0.0
glass.mat,ConfBoost10W(GMM),0,0.1629,-0.042,0.4458,0.0
glass.mat,ConfBoost5(GMM),0,0.0882,-0.0472,0.4458,0.0
glass.mat,ConfBoost5W(GMM),0,0.0852,-0.0472,0.4819,0.0
glass.mat,ConfBag10(KDE),0,0.0469,-0.0609,0.6466,0.0
glass.mat,ConfBag20(KDE),0,0.1113,-0.0566,0.6707,0.0
glass.mat,KDE,0,0.0039,0.0967,0.6908,0.0
glass.mat,ConfBoost10(KDE),0,0.0607,0.0967,0.6908,0.0
glass.mat,ConfBoost10W(KDE),0,0.0615,0.0967,0.6867,0.0
glass.mat,ConfBoost5(KDE),0,0.0304,0.0967,0.6948,0.0
glass.mat,ConfBoost5W(KDE),0,0.0313,0.0967,0.6867,0.0
glass.mat,ConfBag10(LODA),0,0.1606,-0.0293,0.3574,0.0
glass.mat,ConfBag20(LODA),0,0.3256,-0.0293,0.3494,0.0
glass.mat,LODA,0,0.0137,-0.0206,0.3655,0.0
glass.mat,ConfBoost10(LODA),0,0.1704,-0.0206,0.3414,0.0
glass.mat,ConfBoost10W(LODA),0,0.1912,-0.0293,0.3373,0.0
glass.mat,ConfBoost5(LODA),0,0.0872,-0.0361,0.3735,0.0
glass.mat,ConfBoost5W(LODA),0,0.0887,-0.0206,0.3293,0.0
glass.mat,ConfBag10(QMCD),0,0.3274,-0.0472,0.6747,0.0
glass.mat,ConfBag20(QMCD),0,0.6633,-0.0361,0.7149,0.0
glass.mat,QMCD,0,0.0148,-0.0361,0.747,0.0
glass.mat,ConfBoost10(QMCD),0,0.4052,-0.0361,0.743,0.0
glass.mat,ConfBoost10W(QMCD),0,0.415,-0.0361,0.755,0.0
glass.mat,ConfBoost5(QMCD),0,0.2168,-0.0361,0.743,0.0
glass.mat,ConfBoost5W(QMCD),0,0.2063,0.2589,0.759,0.3333
glass.mat,ConfBag10(Sampling),0,0.0137,-0.0472,0.7671,0.0
glass.mat,ConfBag20(Sampling),0,0.0254,-0.0472,0.6948,0.0
glass.mat,Sampling,0,0.0005,-0.0521,0.6265,0.0
glass.mat,ConfBoost10(Sampling),0,0.017,-0.0472,0.7309,0.0
glass.mat,ConfBoost10W(Sampling),0,0.0181,-0.042,0.7309,0.0
glass.mat,ConfBoost5(Sampling),0,0.0088,-0.0521,0.7871,0.0
glass.mat,ConfBoost5W(Sampling),0,0.0096,-0.0566,0.7269,0.0
glass.mat,ConfBag10(INNE),0,1.768,0.1287,0.6988,0.0
glass.mat,ConfBag20(INNE),0,3.5516,0.1169,0.7269,0.0
glass.mat,INNE,0,0.1299,-0.0521,0.7269,0.0
glass.mat,ConfBoost10(INNE),0,2.096,0.1573,0.6867,0.0
glass.mat,ConfBoost10W(INNE),0,2.0959,0.142,0.6586,0.0
glass.mat,ConfBoost5(INNE),0,1.0556,0.142,0.7108,0.0
glass.mat,ConfBoost5W(INNE),0,1.0856,0.1573,0.6988,0.0
glass.mat,ConfBag10(KPCA),0,0.7072,0.0206,0.6627,0.0
glass.mat,ConfBag20(KPCA),0,1.511,0.0206,0.6466,0.0
glass.mat,KPCA,0,0.0959,0.0,0.6546,0.0
glass.mat,ConfBoost10(KPCA),0,0.915,0.0,0.6707,0.0
glass.mat,ConfBoost10W(KPCA),0,0.9628,0.0,0.6667,0.0
glass.mat,ConfBoost5(KPCA),0,0.4791,0.0,0.6827,0.0
glass.mat,ConfBoost5W(KPCA),0,0.5052,0.0,0.6145,0.0
glass.mat,ConfBag10(LMDD),0,2.7681,-0.0472,0.4699,0.0
glass.mat,ConfBag20(LMDD),0,5.4662,-0.0361,0.3855,0.0
glass.mat,LMDD,0,0.1675,-0.0361,0.4458,0.0
glass.mat,ConfBoost10(LMDD),0,3.6751,-0.0361,0.4458,0.0
glass.mat,ConfBoost10W(LMDD),0,3.6812,-0.042,0.3916,0.0
glass.mat,ConfBoost5(LMDD),0,1.8551,-0.042,0.5301,0.0
glass.mat,ConfBoost5W(LMDD),0,1.8404,-0.0293,0.4257,0.0
glass.mat,ConfBag10(LUNAR),0,13.6344,-0.042,0.759,0.0
glass.mat,ConfBag20(LUNAR),0,29.0216,-0.042,0.8072,0.0
glass.mat,LUNAR,0,1.325,-0.042,0.7791,0.0
glass.mat,ConfBoost10(LUNAR),0,14.7201,-0.0293,0.7309,0.0
glass.mat,ConfBoost10W(LUNAR),0,15.2406,-0.0293,0.7229,0.0
glass.mat,ConfBoost5(LUNAR),0,7.2186,-0.042,0.7149,0.0
glass.mat,ConfBoost5W(LUNAR),0,7.3071,-0.0293,0.6867,0.0
glass.mat,ConfBag10(MO_GAAL),0,20.4217,-0.042,0.5863,0.0
glass.mat,ConfBag20(MO_GAAL),0,41.1777,-0.042,0.5622,0.0
glass.mat,MO_GAAL,0,1.9891,0.3092,0.5582,0.3333
glass.mat,ConfBoost10(MO_GAAL),0,18.0986,0.2589,0.3735,0.0
glass.mat,ConfBoost10W(MO_GAAL),0,18.5216,0.1752,0.6064,0.3333
glass.mat,ConfBoost5(MO_GAAL),0,10.2021,-0.0472,0.6908,0.0
glass.mat,ConfBoost5W(MO_GAAL),0,9.7992,0.2589,0.6426,0.3333
ionosphere.mat,ConfBag10(COPOD),0,0.0719,0.2597,0.7442,0.5614
ionosphere.mat,ConfBag20(COPOD),0,0.1418,0.2558,0.7485,0.5789
ionosphere.mat,COPOD,0,0.0058,0.2765,0.7483,0.5614
ionosphere.mat,ConfBoost10(COPOD),0,0.1204,0.2558,0.7552,0.5789
ionosphere.mat,ConfBoost10W(COPOD),0,0.121,0.239,0.755,0.5965
ionosphere.mat,ConfBoost5(COPOD),0,0.0576,0.2726,0.7525,0.5614
ionosphere.mat,ConfBoost5W(COPOD),0,0.0607,0.2726,0.7504,0.5614
ionosphere.mat,ConfBag10(Angle-based Outlier Detector (ABOD)),0,0.788,0.714,0.9547,0.9123
ionosphere.mat,ConfBag20(Angle-based Outlier Detector (ABOD)),0,1.4891,0.6794,0.9559,0.9123
ionosphere.mat,Angle-based Outlier Detector (ABOD),0,0.0707,0.8386,0.9532,0.8929
ionosphere.mat,ConfBoost10(Angle-based Outlier Detector (ABOD)),0,0.9241,0.697,0.9559,0.9123
ionosphere.mat,ConfBoost10W(Angle-based Outlier Detector (ABOD)),0,0.9274,0.7083,0.9574,0.9123
ionosphere.mat,ConfBoost5(Angle-based Outlier Detector (ABOD)),0,0.524,0.75,0.9507,0.9123
ionosphere.mat,ConfBoost5W(Angle-based Outlier Detector (ABOD)),0,0.457,0.6908,0.9538,0.9123
ionosphere.mat,ConfBag10(Cluster-based Local Outlier Factor),0,3.2668,0.7075,0.9248,0.8421
ionosphere.mat,ConfBag20(Cluster-based Local Outlier Factor),0,6.6212,0.6917,0.9192,0.8246
ionosphere.mat,Cluster-based Local Outlier Factor,0,0.3023,0.5885,0.8757,0.7018
ionosphere.mat,ConfBoost10(Cluster-based Local Outlier Factor),0,3.415,0.7786,0.939,0.8596
ionosphere.mat,ConfBoost10W(Cluster-based Local Outlier Factor),0,3.4059,0.8081,0.947,0.8772
ionosphere.mat,ConfBoost5(Cluster-based Local Outlier Factor),0,1.7142,0.7233,0.9309,0.8421
ionosphere.mat,ConfBoost5W(Cluster-based Local Outlier Factor),0,1.7089,0.7505,0.9321,0.8421
ionosphere.mat,ConfBag10(Feature Bagging),0,0.5843,0.5695,0.8874,0.7368
ionosphere.mat,ConfBag20(Feature Bagging),0,1.2018,0.6158,0.8995,0.7719
ionosphere.mat,Feature Bagging,0,0.0487,0.6131,0.9,0.7544
ionosphere.mat,ConfBoost10(Feature Bagging),0,0.6332,0.6818,0.9334,0.8421
ionosphere.mat,ConfBoost10W(Feature Bagging),0,0.6426,0.6998,0.9305,0.8246
ionosphere.mat,ConfBoost5(Feature Bagging),0,0.3044,0.65,0.9041,0.7719
ionosphere.mat,ConfBoost5W(Feature Bagging),0,0.2965,0.65,0.9152,0.7895
ionosphere.mat,ConfBag10(Histogram-base Outlier Detection (HBOS)),0,0.0487,0.0683,0.5733,0.4211
ionosphere.mat,ConfBag20(Histogram-base Outlier Detection (HBOS)),0,0.0955,0.0282,0.5825,0.4211
ionosphere.mat,Histogram-base Outlier Detection (HBOS),0,0.0054,0.0107,0.5792,0.4211
ionosphere.mat,ConfBoost10(Histogram-base Outlier Detection (HBOS)),0,0.0724,-0.0307,0.5666,0.386
ionosphere.mat,ConfBoost10W(Histogram-base Outlier Detection (HBOS)),0,0.071,-0.0189,0.5604,0.386
ionosphere.mat,ConfBoost5(Histogram-base Outlier Detection (HBOS)),0,0.0348,0.0044,0.57,0.4035
ionosphere.mat,ConfBoost5W(Histogram-base Outlier Detection (HBOS)),0,0.0358,-0.0131,0.5643,0.386
ionosphere.mat,ConfBag10(Isolation Forest),0,2.7268,0.4269,0.8294,0.6316
ionosphere.mat,ConfBag20(Isolation Forest),0,5.3804,0.4101,0.8367,0.6491
ionosphere.mat,Isolation Forest,0,0.2173,0.4058,0.8471,0.6316
ionosphere.mat,ConfBoost10(Isolation Forest),0,3.0784,0.431,0.844,0.6667
ionosphere.mat,ConfBoost10W(Isolation Forest),0,3.1182,0.4058,0.8335,0.6491
ionosphere.mat,ConfBoost5(Isolation Forest),0,1.5513,0.4391,0.8327,0.6316
ionosphere.mat,ConfBoost5W(Isolation Forest),0,1.5494,0.4349,0.8379,0.6491
ionosphere.mat,ConfBag10(K Nearest Neighbors (KNN)),0,0.3006,0.7491,0.9332,0.8596
ionosphere.mat,ConfBag20(K Nearest Neighbors (KNN)),0,0.6039,0.7186,0.924,0.8246
ionosphere.mat,K Nearest Neighbors (KNN),0,0.0141,0.7552,0.9365,0.8596
ionosphere.mat,ConfBoost10(K Nearest Neighbors (KNN)),0,0.4145,0.7781,0.9447,0.8596
ionosphere.mat,ConfBoost10W(K Nearest Neighbors (KNN)),0,0.3953,0.7634,0.9388,0.8596
ionosphere.mat,ConfBoost5(K Nearest Neighbors (KNN)),0,0.1976,0.7644,0.9346,0.8596
ionosphere.mat,ConfBoost5W(K Nearest Neighbors (KNN)),0,0.199,0.7634,0.9309,0.8421
ionosphere.mat,ConfBag10(Local Outlier Factor (LOF)),0,0.0519,0.5673,0.8832,0.7193
ionosphere.mat,ConfBag20(Local Outlier Factor (LOF)),0,0.1022,0.5844,0.8968,0.7368
ionosphere.mat,Local Outlier Factor (LOF),0,0.0119,0.6131,0.9046,0.7544
ionosphere.mat,ConfBoost10(Local Outlier Factor (LOF)),0,0.0792,0.6818,0.9234,0.8246
ionosphere.mat,ConfBoost10W(Local Outlier Factor (LOF)),0,0.0829,0.6643,0.9094,0.807
ionosphere.mat,ConfBoost5(Local Outlier Factor (LOF)),0,0.0428,0.6616,0.9087,0.7719
ionosphere.mat,ConfBoost5W(Local Outlier Factor (LOF)),0,0.0473,0.6786,0.9129,0.807
ionosphere.mat,ConfBag10(One-class SVM (OCSVM)),0,0.0737,0.5222,0.8576,0.7193
ionosphere.mat,ConfBag20(One-class SVM (OCSVM)),0,0.1173,0.5058,0.8569,0.7193
ionosphere.mat,One-class SVM (OCSVM),0,0.0057,0.5024,0.8584,0.7193
ionosphere.mat,ConfBoost10(One-class SVM (OCSVM)),0,0.0775,0.5771,0.8624,0.7193
ionosphere.mat,ConfBoost10W(One-class SVM (OCSVM)),0,0.0823,0.5449,0.864,0.7368
ionosphere.mat,ConfBoost5(One-class SVM (OCSVM)),0,0.0382,0.5288,0.8567,0.7193
ionosphere.mat,ConfBoost5W(One-class SVM (OCSVM)),0,0.0422,0.5513,0.859,0.7193
ionosphere.mat,ConfBag10(Principal Component Analysis (PCA)),0,0.0268,0.319,0.778,0.5965
ionosphere.mat,ConfBag20(Principal Component Analysis (PCA)),0,0.0521,0.3618,0.778,0.5965
ionosphere.mat,Principal Component Analysis (PCA),0,0.0017,0.3486,0.7786,0.5965
ionosphere.mat,ConfBoost10(Principal Component Analysis (PCA)),0,0.0367,0.3588,0.7797,0.614
ionosphere.mat,ConfBoost10W(Principal Component Analysis (PCA)),0,0.0381,0.3618,0.782,0.614
ionosphere.mat,ConfBoost5(Principal Component Analysis (PCA)),0,0.0186,0.3486,0.7834,0.5965
ionosphere.mat,ConfBoost5W(Principal Component Analysis (PCA)),0,0.02,0.3486,0.7824,0.5965
ionosphere.mat,ConfBag10(AutoEncoder),0,2.8449,0.4145,0.8383,0.6667
ionosphere.mat,ConfBag20(AutoEncoder),0,5.9878,0.4438,0.8287,0.6667
ionosphere.mat,AutoEncoder,0,0.4473,0.5058,0.8761,0.7193
ionosphere.mat,ConfBoost10(AutoEncoder),0,3.2381,0.5024,0.8655,0.6842
ionosphere.mat,ConfBoost10W(AutoEncoder),0,3.4772,0.4568,0.8525,0.6842
ionosphere.mat,ConfBoost5(AutoEncoder),0,1.4619,0.4766,0.854,0.6842
ionosphere.mat,ConfBoost5W(AutoEncoder),0,1.5741,0.5317,0.8559,0.7018
ionosphere.mat,ConfBag10(ECOD),0,0.0674,0.2352,0.6859,0.5439
ionosphere.mat,ConfBag20(ECOD),0,0.1323,0.239,0.6802,0.5439
ionosphere.mat,ECOD,0,0.0055,0.2521,0.6859,0.5439
ionosphere.mat,ConfBoost10(ECOD),0,0.1127,0.279,0.6848,0.5614
ionosphere.mat,ConfBoost10W(ECOD),0,0.1148,0.279,0.684,0.5439
ionosphere.mat,ConfBoost5(ECOD),0,0.0564,0.2622,0.6867,0.5439
ionosphere.mat,ConfBoost5W(ECOD),0,0.0577,0.279,0.6838,0.5614
ionosphere.mat,ConfBag10(GMM),0,0.2133,0.7338,0.9365,0.8421
ionosphere.mat,ConfBag20(GMM),0,0.5222,0.7634,0.9342,0.8421
ionosphere.mat,GMM,0,0.0417,0.7333,0.9467,0.8772
ionosphere.mat,ConfBoost10(GMM),0,0.3657,0.7935,0.952,0.8947
ionosphere.mat,ConfBoost10W(GMM),0,0.4883,0.7806,0.9467,0.8772
ionosphere.mat,ConfBoost5(GMM),0,0.2199,0.7935,0.9509,0.8947
ionosphere.mat,ConfBoost5W(GMM),0,0.1917,0.8092,0.9515,0.8947
ionosphere.mat,ConfBag10(KDE),0,0.1508,0.6391,0.9327,0.8421
ionosphere.mat,ConfBag20(KDE),0,0.3031,0.7023,0.9447,0.8772
ionosphere.mat,KDE,0,0.0116,0.6458,0.9503,0.8947
ionosphere.mat,ConfBoost10(KDE),0,0.1971,0.6133,0.9495,0.8772
ionosphere.mat,ConfBoost10W(KDE),0,0.1994,0.6133,0.9522,0.9123
ionosphere.mat,ConfBoost5(KDE),0,0.0998,0.6133,0.9513,0.8947
ionosphere.mat,ConfBoost5W(KDE),0,0.0989,0.624,0.9515,0.8947
ionosphere.mat,ConfBag10(LODA),0,0.1785,0.4187,0.8089,0.6316
ionosphere.mat,ConfBag20(LODA),0,0.359,0.4079,0.839,0.6667
ionosphere.mat,LODA,0,0.015,0.3863,0.685,0.5789
ionosphere.mat,ConfBoost10(LODA),0,0.198,0.4307,0.8141,0.6316
ionosphere.mat,ConfBoost10W(LODA),0,0.1987,0.4292,0.815,0.6491
ionosphere.mat,ConfBoost5(LODA),0,0.0992,0.3971,0.8012,0.6667
ionosphere.mat,ConfBoost5W(LODA),0,0.1005,0.4326,0.8162,0.6667
ionosphere.mat,ConfBag10(QMCD),0,0.3559,0.3093,0.6531,0.5088
ionosphere.mat,ConfBag20(QMCD),0,0.6943,0.2977,0.6512,0.5088
ionosphere.mat,QMCD,0,0.0188,0.2869,0.6508,0.5263
ionosphere.mat,ConfBoost10(QMCD),0,0.3922,0.3034,0.6316,0.4912
ionosphere.mat,ConfBoost10W(QMCD),0,0.4264,0.3093,0.6349,0.5263
ionosphere.mat,ConfBoost5(QMCD),0,0.2181,0.2919,0.6387,0.5088
ionosphere.mat,ConfBoost5W(QMCD),0,0.2211,0.1271,0.6761,0.5263
ionosphere.mat,ConfBag10(Sampling),0,0.0178,0.7043,0.9244,0.807
ionosphere.mat,ConfBag20(Sampling),0,0.0338,0.6449,0.9062,0.7895
ionosphere.mat,Sampling,0,0.0007,0.6133,0.9156,0.7544
ionosphere.mat,ConfBoost10(Sampling),0,0.0246,0.7631,0.9353,0.8421
ionosphere.mat,ConfBoost10W(Sampling),0,0.0261,0.8381,0.9492,0.9123
ionosphere.mat,ConfBoost5(Sampling),0,0.0125,0.7338,0.9348,0.8421
ionosphere.mat,ConfBoost5W(Sampling),0,0.0139,0.7798,0.944,0.8596
ionosphere.mat,ConfBag10(INNE),0,1.9219,0.5763,0.8966,0.7895
ionosphere.mat,ConfBag20(INNE),0,3.8659,0.6517,0.9071,0.807
ionosphere.mat,INNE,0,0.1394,0.6014,0.8893,0.7544
ionosphere.mat,ConfBoost10(INNE),0,2.3257,0.655,0.9165,0.8246
ionosphere.mat,ConfBoost10W(INNE),0,2.3166,0.7211,0.9179,0.8246
ionosphere.mat,ConfBoost5(INNE),0,1.1445,0.6096,0.9102,0.807
ionosphere.mat,ConfBoost5W(INNE),0,1.145,0.655,0.9152,0.807
ionosphere.mat,ConfBag10(KPCA),0,0.9733,-0.1026,0.9363,0.8596
ionosphere.mat,ConfBag20(KPCA),0,2.3383,-0.1026,0.9373,0.8947
ionosphere.mat,KPCA,0,0.1883,0.0,0.9584,0.9123
ionosphere.mat,ConfBoost10(KPCA),0,1.7255,0.0,0.9589,0.9123
ionosphere.mat,ConfBoost10W(KPCA),0,1.8188,0.0,0.9593,0.9123
ionosphere.mat,ConfBoost5(KPCA),0,0.9701,0.0,0.9574,0.8947
ionosphere.mat,ConfBoost5W(KPCA),0,0.9983,0.0,0.9601,0.9123
ionosphere.mat,ConfBag10(LMDD),0,8.3365,0.4125,0.8116,0.6491
ionosphere.mat,ConfBag20(LMDD),0,16.4908,0.3561,0.8135,0.6316
ionosphere.mat,LMDD,0,0.5939,0.2932,0.6723,0.5789
ionosphere.mat,ConfBoost10(LMDD),0,13.0328,0.2257,0.6723,0.5789
ionosphere.mat,ConfBoost10W(LMDD),0,13.1307,0.3306,0.6549,0.6667
ionosphere.mat,ConfBoost5(LMDD),0,6.5219,0.3306,0.7128,0.5789
ionosphere.mat,ConfBoost5W(LMDD),0,6.4667,0.297,0.6123,0.5965
ionosphere.mat,ConfBag10(LUNAR),0,15.6071,0.8394,0.9511,0.8947
ionosphere.mat,ConfBag20(LUNAR),0,29.0534,0.8236,0.9486,0.8947
ionosphere.mat,LUNAR,0,1.606,0.8375,0.9551,0.8947
ionosphere.mat,ConfBoost10(LUNAR),0,17.5735,0.8252,0.9555,0.8947
ionosphere.mat,ConfBoost10W(LUNAR),0,17.0289,0.8236,0.9582,0.8947
ionosphere.mat,ConfBoost5(LUNAR),0,8.6867,0.8381,0.9532,0.8947
ionosphere.mat,ConfBoost5W(LUNAR),0,8.8474,0.8092,0.9549,0.8947
ionosphere.mat,ConfBag10(MO_GAAL),0,20.8333,0.4027,0.7122,0.5614
ionosphere.mat,ConfBag20(MO_GAAL),0,40.9269,0.4139,0.7423,0.6316
ionosphere.mat,MO_GAAL,0,2.214,0.2174,0.7078,0.5263
ionosphere.mat,ConfBoost10(MO_GAAL),0,19.5404,0.3728,0.7458,0.614
ionosphere.mat,ConfBoost10W(MO_GAAL),0,20.026,0.3383,0.7076,0.614
ionosphere.mat,ConfBoost5(MO_GAAL),0,10.4998,0.3438,0.7055,0.5439
ionosphere.mat,ConfBoost5W(MO_GAAL),0,10.3848,0.2804,0.6516,0.5263
letter.mat,ConfBag10(COPOD),0,0.2006,-0.0321,0.5482,0.0488
letter.mat,ConfBag20(COPOD),0,0.4015,-0.0263,0.553,0.0244
letter.mat,COPOD,0,0.017,-0.0278,0.5361,0.0244
letter.mat,ConfBoost10(COPOD),0,0.3765,-0.0263,0.549,0.0244
letter.mat,ConfBoost10W(COPOD),0,0.3831,-0.0335,0.5565,0.0244
letter.mat,ConfBoost5(COPOD),0,0.1896,-0.0293,0.5428,0.0244
letter.mat,ConfBoost5W(COPOD),0,0.1927,-0.0263,0.5468,0.0244
letter.mat,ConfBag10(Angle-based Outlier Detector (ABOD)),0,3.941,0.3496,0.8572,0.3902
letter.mat,ConfBag20(Angle-based Outlier Detector (ABOD)),0,7.8945,0.3402,0.8837,0.3659
letter.mat,Angle-based Outlier Detector (ABOD),0,0.2653,0.3542,0.852,0.3902
letter.mat,ConfBoost10(Angle-based Outlier Detector (ABOD)),0,5.1028,0.3347,0.8737,0.3659
letter.mat,ConfBoost10W(Angle-based Outlier Detector (ABOD)),0,5.1637,0.288,0.8551,0.3902
letter.mat,ConfBoost5(Angle-based Outlier Detector (ABOD)),0,2.5529,0.3617,0.8964,0.4146
letter.mat,ConfBoost5W(Angle-based Outlier Detector (ABOD)),0,2.5749,0.2763,0.8462,0.3415
letter.mat,ConfBag10(Cluster-based Local Outlier Factor),0,8.5979,0.1941,0.7689,0.2683
letter.mat,ConfBag20(Cluster-based Local Outlier Factor),0,17.5289,0.1656,0.7763,0.2683
letter.mat,Cluster-based Local Outlier Factor,0,0.8273,0.1841,0.7583,0.2195
letter.mat,ConfBoost10(Cluster-based Local Outlier Factor),0,8.9003,0.1788,0.7889,0.2927
letter.mat,ConfBoost10W(Cluster-based Local Outlier Factor),0,9.1632,0.2328,0.7946,0.2927
letter.mat,ConfBoost5(Cluster-based Local Outlier Factor),0,4.4365,0.2408,0.7979,0.2927
letter.mat,ConfBoost5W(Cluster-based Local Outlier Factor),0,4.4607,0.1941,0.792,0.2683
letter.mat,ConfBag10(Feature Bagging),0,5.724,0.2923,0.8541,0.3171
letter.mat,ConfBag20(Feature Bagging),0,10.7021,0.2659,0.8613,0.3659
letter.mat,Feature Bagging,0,0.42,0.3631,0.8803,0.3902
letter.mat,ConfBoost10(Feature Bagging),0,6.4732,0.3042,0.8546,0.3902
letter.mat,ConfBoost10W(Feature Bagging),0,6.425,0.3418,0.8585,0.3902
letter.mat,ConfBoost5(Feature Bagging),0,3.1748,0.3571,0.8592,0.3902
letter.mat,ConfBoost5W(Feature Bagging),0,3.1276,0.3571,0.852,0.3659
letter.mat,ConfBag10(Histogram-base Outlier Detection (HBOS)),0,0.0951,0.014,0.5721,0.0732
letter.mat,ConfBag20(Histogram-base Outlier Detection (HBOS)),0,0.1551,0.0029,0.5664,0.0732
letter.mat,Histogram-base Outlier Detection (HBOS),0,0.0069,-0.047,0.5857,0.0244
letter.mat,ConfBoost10(Histogram-base Outlier Detection (HBOS)),0,0.1178,-0.0192,0.5683,0.0488
letter.mat,ConfBoost10W(Histogram-base Outlier Detection (HBOS)),0,0.1236,0.0063,0.5791,0.0244
letter.mat,ConfBoost5(Histogram-base Outlier Detection (HBOS)),0,0.058,0.0029,0.5668,0.0488
letter.mat,ConfBoost5W(Histogram-base Outlier Detection (HBOS)),0,0.064,0.008,0.5675,0.0732
letter.mat,ConfBag10(Isolation Forest),0,3.7682,0.0278,0.6176,0.0976
letter.mat,ConfBag20(Isolation Forest),0,7.3317,-0.0307,0.601,0.0732
letter.mat,Isolation Forest,0,0.298,0.0013,0.6058,0.0732
letter.mat,ConfBoost10(Isolation Forest),0,4.3468,-0.0015,0.6154,0.0488
letter.mat,ConfBoost10W(Isolation Forest),0,4.3991,-0.0335,0.6102,0.0488
letter.mat,ConfBoost5(Isolation Forest),0,2.2231,-0.0101,0.6116,0.0732
letter.mat,ConfBoost5W(Isolation Forest),0,2.1536,-0.0375,0.5991,0.0976
letter.mat,ConfBag10(K Nearest Neighbors (KNN)),0,1.7901,0.2224,0.8368,0.2683
letter.mat,ConfBag20(K Nearest Neighbors (KNN)),0,3.4654,0.2225,0.8542,0.2683
letter.mat,K Nearest Neighbors (KNN),0,0.1138,0.2443,0.8564,0.2927
letter.mat,ConfBoost10(K Nearest Neighbors (KNN)),0,2.621,0.2679,0.852,0.2927
letter.mat,ConfBoost10W(K Nearest Neighbors (KNN)),0,2.6336,0.2679,0.8503,0.2927
letter.mat,ConfBoost5(K Nearest Neighbors (KNN)),0,1.2909,0.2805,0.8485,0.2927
letter.mat,ConfBoost5W(K Nearest Neighbors (KNN)),0,1.2559,0.2458,0.8486,0.2927
letter.mat,ConfBag10(Local Outlier Factor (LOF)),0,0.484,0.2025,0.8367,0.2927
letter.mat,ConfBag20(Local Outlier Factor (LOF)),0,1.0058,0.2384,0.832,0.3415
letter.mat,Local Outlier Factor (LOF),0,0.0372,0.3663,0.8523,0.3902
letter.mat,ConfBoost10(Local Outlier Factor (LOF)),0,0.6314,0.2923,0.8334,0.3902
letter.mat,ConfBoost10W(Local Outlier Factor (LOF)),0,0.7094,0.3178,0.8332,0.3659
letter.mat,ConfBoost5(Local Outlier Factor (LOF)),0,0.3669,0.3178,0.8293,0.3902
letter.mat,ConfBoost5W(Local Outlier Factor (LOF)),0,0.4147,0.326,0.8292,0.3902
letter.mat,ConfBag10(One-class SVM (OCSVM)),0,0.8011,0.0572,0.5892,0.122
letter.mat,ConfBag20(One-class SVM (OCSVM)),0,1.52,0.0595,0.5794,0.0976
letter.mat,One-class SVM (OCSVM),0,0.1056,0.0853,0.5859,0.122
letter.mat,ConfBoost10(One-class SVM (OCSVM)),0,1.0312,0.0643,0.5875,0.122
letter.mat,ConfBoost10W(One-class SVM (OCSVM)),0,1.037,0.0853,0.5881,0.122
letter.mat,ConfBoost5(One-class SVM (OCSVM)),0,0.5145,0.0643,0.5875,0.1463
letter.mat,ConfBoost5W(One-class SVM (OCSVM)),0,0.5227,0.0619,0.5865,0.122
letter.mat,ConfBag10(Principal Component Analysis (PCA)),0,0.087,-0.0068,0.5153,0.0732
letter.mat,ConfBag20(Principal Component Analysis (PCA)),0,0.1227,0.0024,0.4963,0.0732
letter.mat,Principal Component Analysis (PCA),0,0.0126,0.0115,0.5073,0.0732
letter.mat,ConfBoost10(Principal Component Analysis (PCA)),0,0.0962,-0.0085,0.5019,0.0732
letter.mat,ConfBoost10W(Principal Component Analysis (PCA)),0,0.1056,-0.0101,0.5027,0.0732
letter.mat,ConfBoost5(Principal Component Analysis (PCA)),0,0.0584,-0.0117,0.5061,0.0732
letter.mat,ConfBoost5W(Principal Component Analysis (PCA)),0,0.0706,0.0115,0.5044,0.0732
letter.mat,ConfBag10(AutoEncoder),0,14.5062,0.2224,0.7955,0.2927
letter.mat,ConfBag20(AutoEncoder),0,28.4704,0.2268,0.7738,0.2683
letter.mat,AutoEncoder,0,1.9739,0.2224,0.8206,0.2195
letter.mat,ConfBoost10(AutoEncoder),0,14.5792,0.2043,0.7971,0.2683
letter.mat,ConfBoost10W(AutoEncoder),0,14.4815,0.2357,0.7922,0.2439
letter.mat,ConfBoost5(AutoEncoder),0,7.6746,0.2443,0.7708,0.2927
letter.mat,ConfBoost5W(AutoEncoder),0,8.0802,0.2063,0.7878,0.2439
letter.mat,ConfBag10(ECOD),0,0.1935,-0.0307,0.5717,0.0976
letter.mat,ConfBag20(ECOD),0,0.3967,0.0064,0.5669,0.0732
letter.mat,ECOD,0,0.0161,0.0115,0.5621,0.0732
letter.mat,ConfBoost10(ECOD),0,0.3607,-0.0033,0.5601,0.0732
letter.mat,ConfBoost10W(ECOD),0,0.3663,-0.0015,0.5588,0.0732
letter.mat,ConfBoost5(ECOD),0,0.1792,-0.0033,0.561,0.0732
letter.mat,ConfBoost5W(ECOD),0,0.1854,-0.0051,0.5593,0.0732
letter.mat,ConfBag10(GMM),0,0.8322,0.1897,0.7628,0.2195
letter.mat,ConfBag20(GMM),0,1.6894,0.1335,0.78,0.2195
letter.mat,GMM,0,0.126,0.1887,0.7834,0.2683
letter.mat,ConfBoost10(GMM),0,1.3967,0.2026,0.7782,0.2683
letter.mat,ConfBoost10W(GMM),0,1.1965,0.2063,0.779,0.2439
letter.mat,ConfBoost5(GMM),0,0.5767,0.2063,0.7802,0.2439
letter.mat,ConfBoost5W(GMM),0,0.7117,0.2026,0.7795,0.2439
letter.mat,ConfBag10(KDE),0,2.6194,0.194,0.8592,0.2927
letter.mat,ConfBag20(KDE),0,5.2368,0.1756,0.84,0.3415
letter.mat,KDE,0,0.2287,0.1086,0.8953,0.3415
letter.mat,ConfBoost10(KDE),0,3.8535,0.096,0.8928,0.3659
letter.mat,ConfBoost10W(KDE),0,3.8594,0.0996,0.9025,0.3659
letter.mat,ConfBoost5(KDE),0,1.9238,0.096,0.8886,0.3415
letter.mat,ConfBoost5W(KDE),0,1.9375,0.0968,0.8997,0.4146
letter.mat,ConfBag10(LODA),0,0.7534,0.0155,0.5671,0.122
letter.mat,ConfBag20(LODA),0,1.9296,0.0461,0.5555,0.1463
letter.mat,LODA,0,0.053,-0.0148,0.5475,0.0488
letter.mat,ConfBoost10(LODA),0,0.9223,0.0557,0.55,0.122
letter.mat,ConfBoost10W(LODA),0,1.0459,0.0491,0.5356,0.0976
letter.mat,ConfBoost5(LODA),0,0.456,0.0461,0.5013,0.1707
letter.mat,ConfBoost5W(LODA),0,0.4922,0.0108,0.535,0.0976
letter.mat,ConfBag10(QMCD),0,0.4661,0.0336,0.5852,0.0976
letter.mat,ConfBag20(QMCD),0,0.8778,0.0302,0.5921,0.0976
letter.mat,QMCD,0,0.0302,0.014,0.6034,0.0976
letter.mat,ConfBoost10(QMCD),0,0.5846,0.0423,0.6037,0.0976
letter.mat,ConfBoost10W(QMCD),0,0.5613,0.0571,0.5946,0.0976
letter.mat,ConfBoost5(QMCD),0,0.2868,0.035,0.5925,0.0976
letter.mat,ConfBoost5W(QMCD),0,0.2849,0.0207,0.6004,0.0976
letter.mat,ConfBag10(Sampling),0,0.0447,0.1724,0.7702,0.2195
letter.mat,ConfBag20(Sampling),0,0.0867,0.0951,0.7696,0.1463
letter.mat,Sampling,0,0.0018,0.0746,0.6507,0.1463
letter.mat,ConfBoost10(Sampling),0,0.065,0.0593,0.7651,0.2439
letter.mat,ConfBoost10W(Sampling),0,0.0909,0.1364,0.7942,0.1707
letter.mat,ConfBoost5(Sampling),0,0.0338,0.1312,0.7712,0.2683
letter.mat,ConfBoost5W(Sampling),0,0.04,0.141,0.7796,0.2195
letter.mat,ConfBag10(INNE),0,3.2219,0.192,0.7065,0.2439
letter.mat,ConfBag20(INNE),0,6.4236,0.1954,0.6847,0.2439
letter.mat,INNE,0,0.2345,0.1884,0.6761,0.2439
letter.mat,ConfBoost10(INNE),0,4.0867,0.2268,0.6758,0.2683
letter.mat,ConfBoost10W(INNE),0,4.0798,0.2224,0.6819,0.2683
letter.mat,ConfBoost5(INNE),0,2.0642,0.2182,0.6758,0.2683
letter.mat,ConfBoost5W(INNE),0,2.0188,0.2043,0.6795,0.2439
letter.mat,ConfBag10(KPCA),0,6.3648,0.0432,0.8661,0.2927
letter.mat,ConfBag20(KPCA),0,12.5716,0.0505,0.8741,0.2927
letter.mat,KPCA,0,0.4935,0.0103,0.8855,0.3171
letter.mat,ConfBoost10(KPCA),0,7.6773,0.0103,0.8731,0.3171
letter.mat,ConfBoost10W(KPCA),0,7.4061,0.0103,0.868,0.3171
letter.mat,ConfBoost5(KPCA),0,3.6439,0.0103,0.8729,0.3171
letter.mat,ConfBoost5W(KPCA),0,3.7965,0.0103,0.8715,0.3415
letter.mat,ConfBag10(LMDD),0,101.9053,-0.0035,0.4814,0.122
letter.mat,ConfBag20(LMDD),0,203.4864,0.0207,0.4795,0.0488
letter.mat,LMDD,0,7.5871,0.0,0.4658,0.0732
letter.mat,ConfBoost10(LMDD),0,173.2955,-0.0059,0.4658,0.0732
letter.mat,ConfBoost10W(LMDD),0,173.1163,0.0461,0.514,0.122
letter.mat,ConfBoost5(LMDD),0,86.7365,0.0173,0.5038,0.0976
letter.mat,ConfBoost5W(LMDD),0,86.7352,-0.0248,0.5054,0.0732
letter.mat,ConfBag10(LUNAR),0,15.5355,0.1855,0.8906,0.3659
letter.mat,ConfBag20(LUNAR),0,30.5934,0.2337,0.8816,0.3415
letter.mat,LUNAR,0,1.5686,0.2866,0.8563,0.3171
letter.mat,ConfBoost10(LUNAR),0,15.2414,0.2926,0.8966,0.3902
letter.mat,ConfBoost10W(LUNAR),0,15.0387,0.2851,0.9039,0.3902
letter.mat,ConfBoost5(LUNAR),0,8.0265,0.2851,0.8938,0.3902
letter.mat,ConfBoost5W(LUNAR),0,7.7578,0.2969,0.9029,0.3902
letter.mat,ConfBag10(MO_GAAL),0,39.002,-0.0885,0.3313,0.0488
letter.mat,ConfBag20(MO_GAAL),0,77.4347,0.0136,0.4504,0.0732
letter.mat,MO_GAAL,0,4.0705,0.0153,0.3864,0.0732
letter.mat,ConfBoost10(MO_GAAL),0,38.2399,-0.0322,0.4089,0.122
letter.mat,ConfBoost10W(MO_GAAL),0,37.8314,-0.0602,0.3677,0.0488
letter.mat,ConfBoost5(MO_GAAL),0,18.6258,-0.0448,0.3736,0.0488
letter.mat,ConfBoost5W(MO_GAAL),0,14.8236,-0.0112,0.4097,0.0976
lympho.mat,ConfBag10(COPOD),0,0.0319,1.0,1.0,1.0
lympho.mat,ConfBag20(COPOD),0,0.0618,0.7011,1.0,1.0
lympho.mat,COPOD,0,0.0025,1.0,1.0,1.0
lympho.mat,ConfBoost10(COPOD),0,0.0452,1.0,1.0,1.0
lympho.mat,ConfBoost10W(COPOD),0,0.0456,1.0,1.0,1.0
lympho.mat,ConfBoost5(COPOD),0,0.0227,1.0,1.0,1.0
lympho.mat,ConfBoost5W(COPOD),0,0.0232,1.0,1.0,1.0
lympho.mat,ConfBag10(Angle-based Outlier Detector (ABOD)),0,0.3081,0.3582,1.0,1.0
lympho.mat,ConfBag20(Angle-based Outlier Detector (ABOD)),0,0.6139,0.3906,1.0,1.0
lympho.mat,Angle-based Outlier Detector (ABOD),0,0.019,0.7011,0.9831,0.0
lympho.mat,ConfBoost10(Angle-based Outlier Detector (ABOD)),0,0.3749,0.4871,1.0,1.0
lympho.mat,ConfBoost10W(Angle-based Outlier Detector (ABOD)),0,0.3756,0.5675,1.0,1.0
lympho.mat,ConfBoost5(Angle-based Outlier Detector (ABOD)),0,0.1872,0.7011,0.9831,0.0
lympho.mat,ConfBoost5W(Angle-based Outlier Detector (ABOD)),0,0.1886,0.4871,1.0,1.0
lympho.mat,ConfBag10(Cluster-based Local Outlier Factor),0,3.3436,1.0,1.0,1.0
lympho.mat,ConfBag20(Cluster-based Local Outlier Factor),0,6.6287,1.0,1.0,1.0
lympho.mat,Cluster-based Local Outlier Factor,0,0.2954,0.7011,1.0,1.0
lympho.mat,ConfBoost10(Cluster-based Local Outlier Factor),0,3.4464,0.7011,1.0,1.0
lympho.mat,ConfBoost10W(Cluster-based Local Outlier Factor),0,3.4267,1.0,1.0,1.0
lympho.mat,ConfBoost5(Cluster-based Local Outlier Factor),0,1.7273,0.7011,1.0,1.0
lympho.mat,ConfBoost5W(Cluster-based Local Outlier Factor),0,1.7268,0.7011,1.0,1.0
lympho.mat,ConfBag10(Feature Bagging),0,0.3883,1.0,1.0,1.0
lympho.mat,ConfBag20(Feature Bagging),0,0.7339,1.0,1.0,1.0
lympho.mat,Feature Bagging,0,0.0257,1.0,1.0,1.0
lympho.mat,ConfBoost10(Feature Bagging),0,0.4611,1.0,1.0,1.0
lympho.mat,ConfBoost10W(Feature Bagging),0,0.4449,1.0,1.0,1.0
lympho.mat,ConfBoost5(Feature Bagging),0,0.228,1.0,1.0,1.0
lympho.mat,ConfBoost5W(Feature Bagging),0,0.2312,1.0,1.0,1.0
lympho.mat,ConfBag10(Histogram-base Outlier Detection (HBOS)),0,0.0423,1.0,1.0,1.0
lympho.mat,ConfBag20(Histogram-base Outlier Detection (HBOS)),0,0.0499,1.0,1.0,1.0
lympho.mat,Histogram-base Outlier Detection (HBOS),0,0.0027,1.0,1.0,1.0
lympho.mat,ConfBoost10(Histogram-base Outlier Detection (HBOS)),0,0.0364,1.0,1.0,1.0
lympho.mat,ConfBoost10W(Histogram-base Outlier Detection (HBOS)),0,0.037,1.0,1.0,1.0
lympho.mat,ConfBoost5(Histogram-base Outlier Detection (HBOS)),0,0.0183,1.0,1.0,1.0
lympho.mat,ConfBoost5W(Histogram-base Outlier Detection (HBOS)),0,0.0189,1.0,1.0,1.0
lympho.mat,ConfBag10(Isolation Forest),0,2.372,1.0,1.0,1.0
lympho.mat,ConfBag20(Isolation Forest),0,4.8213,0.7011,1.0,1.0
lympho.mat,Isolation Forest,0,0.1934,1.0,1.0,1.0
lympho.mat,ConfBoost10(Isolation Forest),0,2.7095,1.0,1.0,1.0
lympho.mat,ConfBoost10W(Isolation Forest),0,2.7073,1.0,1.0,1.0
lympho.mat,ConfBoost5(Isolation Forest),0,1.3456,1.0,1.0,1.0
lympho.mat,ConfBoost5W(Isolation Forest),0,1.3533,1.0,1.0,1.0
lympho.mat,ConfBag10(K Nearest Neighbors (KNN)),0,0.1259,1.0,1.0,1.0
lympho.mat,ConfBag20(K Nearest Neighbors (KNN)),0,0.2523,1.0,1.0,1.0
lympho.mat,K Nearest Neighbors (KNN),0,0.0055,1.0,1.0,1.0
lympho.mat,ConfBoost10(K Nearest Neighbors (KNN)),0,0.1586,1.0,1.0,1.0
lympho.mat,ConfBoost10W(K Nearest Neighbors (KNN)),0,0.1607,1.0,1.0,1.0
lympho.mat,ConfBoost5(K Nearest Neighbors (KNN)),0,0.0799,1.0,1.0,1.0
lympho.mat,ConfBoost5W(K Nearest Neighbors (KNN)),0,0.0816,1.0,1.0,1.0
lympho.mat,ConfBag10(Local Outlier Factor (LOF)),0,0.0377,1.0,1.0,1.0
lympho.mat,ConfBag20(Local Outlier Factor (LOF)),0,0.0813,1.0,1.0,1.0
lympho.mat,Local Outlier Factor (LOF),0,0.0019,1.0,1.0,1.0
lympho.mat,ConfBoost10(Local Outlier Factor (LOF)),0,0.0388,1.0,1.0,1.0
lympho.mat,ConfBoost10W(Local Outlier Factor (LOF)),0,0.0394,1.0,1.0,1.0
lympho.mat,ConfBoost5(Local Outlier Factor (LOF)),0,0.0194,1.0,1.0,1.0
lympho.mat,ConfBoost5W(Local Outlier Factor (LOF)),0,0.0201,1.0,1.0,1.0
lympho.mat,ConfBag10(One-class SVM (OCSVM)),0,0.0209,0.4871,1.0,1.0
lympho.mat,ConfBag20(One-class SVM (OCSVM)),0,0.0406,0.7011,1.0,1.0
lympho.mat,One-class SVM (OCSVM),0,0.0015,0.5675,1.0,1.0
lympho.mat,ConfBoost10(One-class SVM (OCSVM)),0,0.0269,0.4318,1.0,1.0
lympho.mat,ConfBoost10W(One-class SVM (OCSVM)),0,0.0274,0.4318,1.0,1.0
lympho.mat,ConfBoost5(One-class SVM (OCSVM)),0,0.0136,0.4318,1.0,1.0
lympho.mat,ConfBoost5W(One-class SVM (OCSVM)),0,0.0139,0.4318,1.0,1.0
lympho.mat,ConfBag10(Principal Component Analysis (PCA)),0,0.019,1.0,1.0,1.0
lympho.mat,ConfBag20(Principal Component Analysis (PCA)),0,0.0363,1.0,1.0,1.0
lympho.mat,Principal Component Analysis (PCA),0,0.0011,1.0,1.0,1.0
lympho.mat,ConfBoost10(Principal Component Analysis (PCA)),0,0.0242,1.0,1.0,1.0
lympho.mat,ConfBoost10W(Principal Component Analysis (PCA)),0,0.0249,1.0,1.0,1.0
lympho.mat,ConfBoost5(Principal Component Analysis (PCA)),0,0.0124,1.0,1.0,1.0
lympho.mat,ConfBoost5W(Principal Component Analysis (PCA)),0,0.0131,1.0,1.0,1.0
lympho.mat,ConfBag10(AutoEncoder),0,0.9848,0.7011,1.0,1.0
lympho.mat,ConfBag20(AutoEncoder),0,1.8231,1.0,1.0,1.0
lympho.mat,AutoEncoder,0,0.108,1.0,1.0,1.0
lympho.mat,ConfBoost10(AutoEncoder),0,1.467,1.0,1.0,1.0
lympho.mat,ConfBoost10W(AutoEncoder),0,0.8735,1.0,1.0,1.0
lympho.mat,ConfBoost5(AutoEncoder),0,0.4028,1.0,1.0,1.0
lympho.mat,ConfBoost5W(AutoEncoder),0,0.7034,1.0,1.0,1.0
lympho.mat,ConfBag10(ECOD),0,0.0313,0.7011,1.0,1.0
lympho.mat,ConfBag20(ECOD),0,0.0616,0.7011,1.0,1.0
lympho.mat,ECOD,0,0.0024,1.0,1.0,1.0
lympho.mat,ConfBoost10(ECOD),0,0.044,1.0,1.0,1.0
lympho.mat,ConfBoost10W(ECOD),0,0.0448,1.0,1.0,1.0
lympho.mat,ConfBoost5(ECOD),0,0.0221,1.0,1.0,1.0
lympho.mat,ConfBoost5W(ECOD),0,0.0227,1.0,1.0,1.0
lympho.mat,ConfBag10(GMM),0,0.1875,0.4871,1.0,1.0
lympho.mat,ConfBag20(GMM),0,0.3517,0.5675,1.0,1.0
lympho.mat,GMM,0,0.0288,0.4318,1.0,1.0
lympho.mat,ConfBoost10(GMM),0,0.3103,0.3099,1.0,1.0
lympho.mat,ConfBoost10W(GMM),0,0.3223,0.3906,1.0,1.0
lympho.mat,ConfBoost5(GMM),0,0.1494,0.3582,1.0,1.0
lympho.mat,ConfBoost5W(GMM),0,0.1496,0.3906,1.0,1.0
lympho.mat,ConfBag10(KDE),0,0.0477,0.0991,1.0,1.0
lympho.mat,ConfBag20(KDE),0,0.0681,0.0955,1.0,1.0
lympho.mat,KDE,0,0.0023,0.0169,1.0,1.0
lympho.mat,ConfBoost10(KDE),0,0.0611,0.0169,1.0,1.0
lympho.mat,ConfBoost10W(KDE),0,0.0461,0.0169,1.0,1.0
lympho.mat,ConfBoost5(KDE),0,0.0216,0.0169,1.0,1.0
lympho.mat,ConfBoost5W(KDE),0,0.0221,0.0169,1.0,1.0
lympho.mat,ConfBag10(LODA),0,0.157,0.0,0.5424,0.0
lympho.mat,ConfBag20(LODA),0,0.3108,0.0,0.8475,0.0
lympho.mat,LODA,0,0.0129,0.4318,1.0,1.0
lympho.mat,ConfBoost10(LODA),0,0.1641,0.0,1.0,1.0
lympho.mat,ConfBoost10W(LODA),0,0.1627,1.0,1.0,1.0
lympho.mat,ConfBoost5(LODA),0,0.084,0.7011,0.9831,0.0
lympho.mat,ConfBoost5W(LODA),0,0.0818,-0.0242,0.7119,0.0
lympho.mat,ConfBag10(QMCD),0,0.3377,-0.0299,0.5424,0.0
lympho.mat,ConfBag20(QMCD),0,0.6962,-0.0348,0.6949,0.0
lympho.mat,QMCD,0,0.0163,-0.0299,0.8814,0.0
lympho.mat,ConfBoost10(QMCD),0,0.4086,-0.0348,0.7966,0.0
lympho.mat,ConfBoost10W(QMCD),0,0.4224,-0.0299,0.7797,0.0
lympho.mat,ConfBoost5(QMCD),0,0.2189,-0.0348,0.7288,0.0
lympho.mat,ConfBoost5W(QMCD),0,0.218,-0.0299,0.7966,0.0
lympho.mat,ConfBag10(Sampling),0,0.0144,0.7011,1.0,1.0
lympho.mat,ConfBag20(Sampling),0,0.0253,0.7011,1.0,1.0
lympho.mat,Sampling,0,0.0005,0.7011,1.0,1.0
lympho.mat,ConfBoost10(Sampling),0,0.0158,0.7011,1.0,1.0
lympho.mat,ConfBoost10W(Sampling),0,0.0165,0.5675,1.0,1.0
lympho.mat,ConfBoost5(Sampling),0,0.0097,0.7011,1.0,1.0
lympho.mat,ConfBoost5W(Sampling),0,0.0089,0.5675,1.0,1.0
lympho.mat,ConfBag10(INNE),0,1.7304,0.4871,1.0,1.0
lympho.mat,ConfBag20(INNE),0,3.4532,0.4871,0.9831,0.0
lympho.mat,INNE,0,0.126,0.5675,0.9831,0.0
lympho.mat,ConfBoost10(INNE),0,2.0084,0.4871,1.0,1.0
lympho.mat,ConfBoost10W(INNE),0,2.0084,0.4871,1.0,1.0
lympho.mat,ConfBoost5(INNE),0,1.0043,0.5675,0.9831,0.0
lympho.mat,ConfBoost5W(INNE),0,1.0039,0.4318,0.9661,0.0
lympho.mat,ConfBag10(KPCA),0,0.4196,0.0393,1.0,1.0
lympho.mat,ConfBag20(KPCA),0,0.9102,0.0299,1.0,1.0
lympho.mat,KPCA,0,0.0396,0.0,1.0,1.0
lympho.mat,ConfBoost10(KPCA),0,0.6403,0.0,1.0,1.0
lympho.mat,ConfBoost10W(KPCA),0,0.7643,0.0,1.0,1.0
lympho.mat,ConfBoost5(KPCA),0,0.293,0.0,1.0,1.0
lympho.mat,ConfBoost5W(KPCA),0,0.3393,0.0,1.0,1.0
lympho.mat,ConfBag10(LMDD),0,2.1165,0.7011,1.0,1.0
lympho.mat,ConfBag20(LMDD),0,4.0727,1.0,1.0,1.0
lympho.mat,LMDD,0,0.1276,1.0,1.0,1.0
lympho.mat,ConfBoost10(LMDD),0,2.8622,1.0,1.0,1.0
lympho.mat,ConfBoost10W(LMDD),0,2.8342,1.0,1.0,1.0
lympho.mat,ConfBoost5(LMDD),0,1.4702,1.0,1.0,1.0
lympho.mat,ConfBoost5W(LMDD),0,1.4194,1.0,1.0,1.0
lympho.mat,ConfBag10(LUNAR),0,14.5355,0.7011,1.0,1.0
lympho.mat,ConfBag20(LUNAR),0,26.9809,0.7011,1.0,1.0
lympho.mat,LUNAR,0,1.4282,0.4871,1.0,1.0
lympho.mat,ConfBoost10(LUNAR),0,14.2255,0.7011,1.0,1.0
lympho.mat,ConfBoost10W(LUNAR),0,14.7909,0.7011,1.0,1.0
lympho.mat,ConfBoost5(LUNAR),0,7.8626,1.0,1.0,1.0
lympho.mat,ConfBoost5W(LUNAR),0,7.1734,0.7011,1.0,1.0
lympho.mat,ConfBag10(MO_GAAL),0,19.3295,-0.0299,0.0169,0.0
lympho.mat,ConfBag20(MO_GAAL),0,38.698,-0.0299,0.2203,0.0
lympho.mat,MO_GAAL,0,2.4045,-0.0242,0.1864,0.0
lympho.mat,ConfBoost10(MO_GAAL),0,19.8161,-0.0299,0.1525,0.0
lympho.mat,ConfBoost10W(MO_GAAL),0,20.5102,-0.0473,0.0339,0.0
lympho.mat,ConfBoost5(MO_GAAL),0,10.5236,-0.0242,0.5254,0.0
lympho.mat,ConfBoost5W(MO_GAAL),0,9.4899,-0.0242,0.3898,0.0
mnist.mat,ConfBag10(COPOD),0,2.8996,0.1662,0.7825,0.2652
mnist.mat,ConfBag20(COPOD),0,5.6978,0.1623,0.7859,0.2796
mnist.mat,COPOD,0,0.2687,0.19,0.7851,0.2832
mnist.mat,ConfBoost10(COPOD),0,6.0438,0.1822,0.7843,0.2796
mnist.mat,ConfBoost10W(COPOD),0,5.941,0.1831,0.7847,0.2832
mnist.mat,ConfBoost5(COPOD),0,2.949,0.1875,0.7846,0.2796
mnist.mat,ConfBoost5W(COPOD),0,2.9775,0.1806,0.7834,0.2796
mnist.mat,ConfBag10(Angle-based Outlier Detector (ABOD)),0,50.0028,0.3267,0.812,0.405
mnist.mat,ConfBag20(Angle-based Outlier Detector (ABOD)),0,100.2335,0.3,0.8041,0.4014
mnist.mat,Angle-based Outlier Detector (ABOD),0,3.9407,0.287,0.7936,0.3548
mnist.mat,ConfBoost10(Angle-based Outlier Detector (ABOD)),0,85.6599,0.3113,0.8031,0.3835
mnist.mat,ConfBoost10W(Angle-based Outlier Detector (ABOD)),0,86.4319,0.3023,0.8037,0.3871
mnist.mat,ConfBoost5(Angle-based Outlier Detector (ABOD)),0,42.6845,0.3097,0.8067,0.3692
mnist.mat,ConfBoost5W(Angle-based Outlier Detector (ABOD)),0,42.5261,0.315,0.8027,0.3728
mnist.mat,ConfBag10(Cluster-based Local Outlier Factor),0,12.7257,0.2825,0.8575,0.4409
mnist.mat,ConfBag20(Cluster-based Local Outlier Factor),0,25.0091,0.2756,0.8714,0.4409
mnist.mat,Cluster-based Local Outlier Factor,0,1.372,0.4091,0.866,0.4624
mnist.mat,ConfBoost10(Cluster-based Local Outlier Factor),0,13.0696,0.326,0.856,0.4337
mnist.mat,ConfBoost10W(Cluster-based Local Outlier Factor),0,13.0735,0.3459,0.8592,0.4552
mnist.mat,ConfBoost5(Cluster-based Local Outlier Factor),0,6.48,0.3399,0.8586,0.4373
mnist.mat,ConfBoost5W(Cluster-based Local Outlier Factor),0,6.578,0.3019,0.8472,0.4122
mnist.mat,ConfBag10(Feature Bagging),0,100.3898,0.2333,0.7272,0.3692
mnist.mat,ConfBag20(Feature Bagging),0,238.4155,0.2191,0.7428,0.3728
mnist.mat,Feature Bagging,0,10.6945,0.2838,0.7321,0.3441
mnist.mat,ConfBoost10(Feature Bagging),0,146.8198,0.3027,0.7535,0.3656
mnist.mat,ConfBoost10W(Feature Bagging),0,143.516,0.3,0.7537,0.3692
mnist.mat,ConfBoost5(Feature Bagging),0,70.3178,0.3105,0.7609,0.3728
mnist.mat,ConfBoost5W(Feature Bagging),0,70.8769,0.3008,0.7582,0.3763
mnist.mat,ConfBag10(Histogram-base Outlier Detection (HBOS)),0,0.3782,0.053,0.5571,0.1398
mnist.mat,ConfBag20(Histogram-base Outlier Detection (HBOS)),0,0.7438,0.0867,0.5979,0.1685
mnist.mat,Histogram-base Outlier Detection (HBOS),0,0.0346,0.0714,0.5828,0.1613
mnist.mat,ConfBoost10(Histogram-base Outlier Detection (HBOS)),0,0.6063,0.0714,0.5804,0.1613
mnist.mat,ConfBoost10W(Histogram-base Outlier Detection (HBOS)),0,0.6632,0.0719,0.5814,0.1613
mnist.mat,ConfBoost5(Histogram-base Outlier Detection (HBOS)),0,0.2935,0.0775,0.5813,0.1613
mnist.mat,ConfBoost5W(Histogram-base Outlier Detection (HBOS)),0,0.3204,0.0714,0.5827,0.1613
mnist.mat,ConfBag10(Isolation Forest),0,10.006,0.2911,0.828,0.362
mnist.mat,ConfBag20(Isolation Forest),0,19.7744,0.2873,0.8112,0.3477
mnist.mat,Isolation Forest,0,0.8605,0.2825,0.8164,0.3513
mnist.mat,ConfBoost10(Isolation Forest),0,13.386,0.2798,0.8039,0.3333
mnist.mat,ConfBoost10W(Isolation Forest),0,13.477,0.2901,0.8064,0.3405
mnist.mat,ConfBoost5(Isolation Forest),0,6.7034,0.2988,0.8125,0.3477
mnist.mat,ConfBoost5W(Isolation Forest),0,6.7176,0.2881,0.8036,0.3333
mnist.mat,ConfBag10(K Nearest Neighbors (KNN)),0,39.6596,0.2802,0.8646,0.4516
mnist.mat,ConfBag20(K Nearest Neighbors (KNN)),0,79.5248,0.3103,0.8558,0.4444
mnist.mat,K Nearest Neighbors (KNN),0,3.3898,0.3903,0.8592,0.4409
mnist.mat,ConfBoost10(K Nearest Neighbors (KNN)),0,70.97,0.3692,0.8631,0.4444
mnist.mat,ConfBoost10W(K Nearest Neighbors (KNN)),0,71.3432,0.357,0.8625,0.4444
mnist.mat,ConfBoost5(K Nearest Neighbors (KNN)),0,35.7507,0.3607,0.8631,0.4373
mnist.mat,ConfBoost5W(K Nearest Neighbors (KNN)),0,35.203,0.3645,0.8656,0.4409
mnist.mat,ConfBag10(Local Outlier Factor (LOF)),0,11.539,0.1935,0.7684,0.4014
mnist.mat,ConfBag20(Local Outlier Factor (LOF)),0,24.089,0.1946,0.7617,0.3584
mnist.mat,Local Outlier Factor (LOF),0,1.0199,0.2802,0.732,0.3477
mnist.mat,ConfBoost10(Local Outlier Factor (LOF)),0,13.6335,0.3093,0.7603,0.3513
mnist.mat,ConfBoost10W(Local Outlier Factor (LOF)),0,13.3233,0.3085,0.7569,0.3513
mnist.mat,ConfBoost5(Local Outlier Factor (LOF)),0,6.753,0.3031,0.7638,0.3477
mnist.mat,ConfBoost5W(Local Outlier Factor (LOF)),0,7.2057,0.2962,0.7549,0.3441
mnist.mat,ConfBag10(One-class SVM (OCSVM)),0,24.7216,0.3496,0.8697,0.4265
mnist.mat,ConfBag20(One-class SVM (OCSVM)),0,65.2774,0.3725,0.8714,0.4301
mnist.mat,One-class SVM (OCSVM),0,2.8597,0.3893,0.8728,0.4409
mnist.mat,ConfBoost10(One-class SVM (OCSVM)),0,33.3943,0.3456,0.8675,0.4265
mnist.mat,ConfBoost10W(One-class SVM (OCSVM)),0,33.1724,0.3466,0.8669,0.4265
mnist.mat,ConfBoost5(One-class SVM (OCSVM)),0,17.0593,0.3499,0.8677,0.4265
mnist.mat,ConfBoost5W(One-class SVM (OCSVM)),0,19.0141,0.3466,0.868,0.4265
mnist.mat,ConfBag10(Principal Component Analysis (PCA)),0,0.8959,0.2645,0.8822,0.4839
mnist.mat,ConfBag20(Principal Component Analysis (PCA)),0,1.5659,0.2427,0.8717,0.4409
mnist.mat,Principal Component Analysis (PCA),0,0.1205,0.3755,0.8713,0.4301
mnist.mat,ConfBoost10(Principal Component Analysis (PCA)),0,1.7821,0.3213,0.8656,0.4265
mnist.mat,ConfBoost10W(Principal Component Analysis (PCA)),0,1.7931,0.3225,0.8658,0.4265
mnist.mat,ConfBoost5(Principal Component Analysis (PCA)),0,0.9068,0.3201,0.867,0.4229
mnist.mat,ConfBoost5W(Principal Component Analysis (PCA)),0,0.8624,0.3235,0.8677,0.4265
mnist.mat,ConfBag10(AutoEncoder),0,62.2924,0.0263,0.8758,0.4265
mnist.mat,ConfBag20(AutoEncoder),0,124.7437,0.0828,0.862,0.4444
mnist.mat,AutoEncoder,0,8.2022,0.3688,0.8682,0.4337
mnist.mat,ConfBoost10(AutoEncoder),0,64.2651,0.0263,0.8615,0.4014
mnist.mat,ConfBoost10W(AutoEncoder),0,64.9676,0.1036,0.8566,0.3978
mnist.mat,ConfBoost5(AutoEncoder),0,32.5271,0.0263,0.8648,0.3978
mnist.mat,ConfBoost5W(AutoEncoder),0,32.9183,0.0263,0.862,0.4122
mnist.mat,ConfBag10(ECOD),0,3.471,0.1041,0.7465,0.1971
mnist.mat,ConfBag20(ECOD),0,6.8913,0.1147,0.7646,0.2258
mnist.mat,ECOD,0,0.3217,0.1371,0.7586,0.2186
mnist.mat,ConfBoost10(ECOD),0,7.6793,0.1193,0.7585,0.2186
mnist.mat,ConfBoost10W(ECOD),0,7.6484,0.1199,0.7588,0.2186
mnist.mat,ConfBoost5(ECOD),0,3.9431,0.116,0.7584,0.2186
mnist.mat,ConfBoost5W(ECOD),0,3.992,0.1193,0.7597,0.2186
mnist.mat,ConfBag10(GMM),0,2.2069,0.2707,0.8809,0.4624
mnist.mat,ConfBag20(GMM),0,4.2771,0.2349,0.8583,0.4409
mnist.mat,GMM,0,0.2855,0.3464,0.8572,0.405
mnist.mat,ConfBoost10(GMM),0,2.5483,0.3349,0.8478,0.4014
mnist.mat,ConfBoost10W(GMM),0,2.6176,0.3337,0.8473,0.4014
mnist.mat,ConfBoost5(GMM),0,1.3975,0.3403,0.8475,0.4014
mnist.mat,ConfBoost5W(GMM),0,1.3524,0.329,0.847,0.3978
mnist.mat,ConfBag10(KDE),0,101.9282,0.1453,0.8226,0.4014
mnist.mat,ConfBag20(KDE),0,191.5527,0.1878,0.8456,0.4301
mnist.mat,KDE,0,11.4111,0.0058,0.8204,0.3907
mnist.mat,ConfBoost10(KDE),0,148.8826,0.0,0.8216,0.405
mnist.mat,ConfBoost10W(KDE),0,149.7412,0.0,0.824,0.3978
mnist.mat,ConfBoost5(KDE),0,74.5266,0.0,0.826,0.3978
mnist.mat,ConfBoost5W(KDE),0,73.8731,0.0,0.8264,0.3978
mnist.mat,ConfBag10(LODA),0,1.017,0.1946,0.7336,0.3907
mnist.mat,ConfBag20(LODA),0,2.3131,0.2148,0.7606,0.3405
mnist.mat,LODA,0,0.0654,0.0962,0.5925,0.1756
mnist.mat,ConfBoost10(LODA),0,1.4587,0.2131,0.7376,0.3513
mnist.mat,ConfBoost10W(LODA),0,1.5996,0.2108,0.7641,0.3656
mnist.mat,ConfBoost5(LODA),0,0.6419,0.2479,0.7669,0.3656
mnist.mat,ConfBoost5W(LODA),0,0.7326,0.1798,0.6663,0.2151
mnist.mat,ConfBag10(QMCD),0,6.6809,0.049,0.558,0.1505
mnist.mat,ConfBag20(QMCD),0,13.4493,0.0549,0.5856,0.1577
mnist.mat,QMCD,0,0.6516,0.0706,0.6011,0.1541
mnist.mat,ConfBoost10(QMCD),0,10.3723,0.0752,0.6057,0.1541
mnist.mat,ConfBoost10W(QMCD),0,10.5124,0.071,0.6058,0.1541
mnist.mat,ConfBoost5(QMCD),0,5.1727,0.0752,0.6056,0.1541
mnist.mat,ConfBoost5W(QMCD),0,5.3132,0.0745,0.6059,0.1541
mnist.mat,ConfBag10(Sampling),0,0.3187,0.3491,0.9067,0.4982
mnist.mat,ConfBag20(Sampling),0,0.6496,0.2702,0.8909,0.4552
mnist.mat,Sampling,0,0.0183,0.3708,0.8759,0.4122
mnist.mat,ConfBoost10(Sampling),0,0.4896,0.2744,0.8745,0.4624
mnist.mat,ConfBoost10W(Sampling),0,0.5277,0.3434,0.8823,0.4409
mnist.mat,ConfBoost5(Sampling),0,0.2445,0.3091,0.866,0.405
mnist.mat,ConfBoost5W(Sampling),0,0.2732,0.2983,0.8849,0.4373
mnist.mat,ConfBag10(INNE),0,19.431,0.4288,0.8942,0.4695
mnist.mat,ConfBag20(INNE),0,39.1073,0.403,0.8831,0.4409
mnist.mat,INNE,0,1.2415,0.4115,0.8876,0.4444
mnist.mat,ConfBoost10(INNE),0,26.6082,0.3964,0.8819,0.4552
mnist.mat,ConfBoost10W(INNE),0,26.5413,0.3968,0.8779,0.4409
mnist.mat,ConfBoost5(INNE),0,13.8173,0.3982,0.8805,0.4516
mnist.mat,ConfBoost5W(INNE),0,12.7519,0.3938,0.882,0.4409
mnist.mat,ConfBag10(KPCA),0,68.472,0.0,0.8518,0.4229
mnist.mat,ConfBag20(KPCA),0,137.0224,0.0,0.8579,0.4373
mnist.mat,KPCA,0,9.5902,0.0,0.8612,0.4373
mnist.mat,ConfBoost10(KPCA),0,80.4458,0.0,0.872,0.4337
mnist.mat,ConfBoost10W(KPCA),0,80.2263,0.0,0.8646,0.4373
mnist.mat,ConfBoost5(KPCA),0,39.7768,0.0,0.8635,0.4409
mnist.mat,ConfBoost5W(KPCA),0,39.9623,0.0,0.8659,0.4373
mnist.mat,ConfBag10(LMDD),0,6650.0212,0.1799,0.8213,0.3047
mnist.mat,ConfBag10(LUNAR),0,41.8253,0.2075,0.7876,0.362
mnist.mat,ConfBag20(LUNAR),0,79.8619,0.1563,0.7857,0.3584
mnist.mat,LUNAR,0,4.1993,0.2646,0.76,0.3477
mnist.mat,ConfBoost10(LUNAR),0,42.6762,0.2171,0.7544,0.3333
mnist.mat,ConfBoost10W(LUNAR),0,42.6561,0.2234,0.7513,0.3297
mnist.mat,ConfBoost5(LUNAR),0,22.3152,0.2106,0.7589,0.3226
mnist.mat,ConfBoost5W(LUNAR),0,22.4794,0.2067,0.7571,0.3297
mnist.mat,ConfBag10(MO_GAAL),0,108.235,0.2401,0.7545,0.3763
